Year,Leading Cause,Deaths,Race Ethnicity Sex
2019,"Diseases of Heart (I00-I09, I11, I13, I20-I51)",1603,Hispanic_M
2019,Malignant Neoplasms (Cancer: C00-C97),1164,Hispanic_M
2019,"Mental and Behavioral Disorders due to Accidental Poisoning and Other Psychoactive Substance Use (F11-F16, F18-F19, X40-X42, X44)",423,Hispanic_M
2019,Diabetes Mellitus (E10-E14),245,Hispanic_M
2019,Influenza (Flu) and Pneumonia (J09-J18),182,Hispanic_M
2019,Cerebrovascular Disease (Stroke: I60-I69),182,Hispanic_M
2019,"Accidents Except Drug Poisoning (V01-X39, X43, X45-X59, Y85-Y86)",174,Hispanic_M
2019,"Chronic Liver Disease and Cirrhosis (K70, K73-K74)",171,Hispanic_M
2019,Chronic Lower Respiratory Diseases (J40-J47),170,Hispanic_M
2019,"Essential Hypertension and Renal Diseases (I10, I12)",135,Hispanic_M
2019,All Other Causes,1395,Hispanic_M
2019,"Diseases of Heart (I00-I09, I11, I13, I20-I51)",731,Asian and Pacific Islander_M
2019,Malignant Neoplasms (Cancer: C00-C97),671,Asian and Pacific Islander_M
2019,Cerebrovascular Disease (Stroke: I60-I69),105,Asian and Pacific Islander_M
2019,Influenza (Flu) and Pneumonia (J09-J18),92,Asian and Pacific Islander_M
2019,Chronic Lower Respiratory Diseases (J40-J47),80,Asian and Pacific Islander_M
2019,Diabetes Mellitus (E10-E14),76,Asian and Pacific Islander_M
2019,"Essential Hypertension and Renal Diseases (I10, I12)",56,Asian and Pacific Islander_M
2019,"Accidents Except Drug Poisoning (V01-X39, X43, X45-X59, Y85-Y86)",52,Asian and Pacific Islander_M
2019,"Intentional Self-Harm (Suicide: U03, X60-X84, Y87.0)",48,Asian and Pacific Islander_M
2019,Alzheimer's Disease (G30),41,Asian and Pacific Islander_M
2019,All Other Causes,549,Asian and Pacific Islander_M
2019,"Diseases of Heart (I00-I09, I11, I13, I20-I51)",4034,White Non-Hispanic_M
2019,Malignant Neoplasms (Cancer: C00-C97),2785,White Non-Hispanic_M
2019,"Mental and Behavioral Disorders due to Accidental Poisoning and Other Psychoactive Substance Use (F11-F16, F18-F19, X40-X42, X44)",418,White Non-Hispanic_M
2019,Chronic Lower Respiratory Diseases (J40-J47),373,White Non-Hispanic_M
2019,Influenza (Flu) and Pneumonia (J09-J18),342,White Non-Hispanic_M
2019,"Accidents Except Drug Poisoning (V01-X39, X43, X45-X59, Y85-Y86)",272,White Non-Hispanic_M
2019,Cerebrovascular Disease (Stroke: I60-I69),266,White Non-Hispanic_M
2019,Diabetes Mellitus (E10-E14),248,White Non-Hispanic_M
2019,"Intentional Self-Harm (Suicide: U03, X60-X84, Y87.0)",194,White Non-Hispanic_M
2019,"Essential Hypertension and Renal Diseases (I10, I12)",181,White Non-Hispanic_M
2019,All Other Causes,2366,White Non-Hispanic_M
2019,"Diseases of Heart (I00-I09, I11, I13, I20-I51)",2315,Black Non-Hispanic_M
2019,Malignant Neoplasms (Cancer: C00-C97),1421,Black Non-Hispanic_M
2019,Diabetes Mellitus (E10-E14),377,Black Non-Hispanic_M
2019,"Mental and Behavioral Disorders due to Accidental Poisoning and Other Psychoactive Substance Use (F11-F16, F18-F19, X40-X42, X44)",294,Black Non-Hispanic_M
2019,Cerebrovascular Disease (Stroke: I60-I69),228,Black Non-Hispanic_M
2019,Influenza (Flu) and Pneumonia (J09-J18),211,Black Non-Hispanic_M
2019,Chronic Lower Respiratory Diseases (J40-J47),210,Black Non-Hispanic_M
2019,"Essential Hypertension and Renal Diseases (I10, I12)",185,Black Non-Hispanic_M
2019,"Assault (Homicide: U01-U02, Y87.1, X85-Y09)",156,Black Non-Hispanic_M
2019,"Accidents Except Drug Poisoning (V01-X39, X43, X45-X59, Y85-Y86)",150,Black Non-Hispanic_M
2019,All Other Causes,1507,Black Non-Hispanic_M
2019,"Diseases of Heart (I00-I09, I11, I13, I20-I51)",66,Other Race/Ethnicity_M
2019,Malignant Neoplasms (Cancer: C00-C97),32,Other Race/Ethnicity_M
2019,"Intentional Self-Harm (Suicide: U03, X60-X84, Y87.0)",9,Other Race/Ethnicity_M
2019,Diabetes Mellitus (E10-E14),9,Other Race/Ethnicity_M
2019,Cerebrovascular Disease (Stroke: I60-I69),8,Other Race/Ethnicity_M
2019,"Essential Hypertension and Renal Diseases (I10, I12)",5,Other Race/Ethnicity_M
2019,"Mental and Behavioral Disorders due to Accidental Poisoning and Other Psychoactive Substance Use (F11-F16, F18-F19, X40-X42, X44)",5,Other Race/Ethnicity_M
2019,Chronic Lower Respiratory Diseases (J40-J47),4,Other Race/Ethnicity_M
2019,Influenza (Flu) and Pneumonia (J09-J18),4,Other Race/Ethnicity_M
2019,Mental and Behavioral Disorders due to Use of Alcohol (F10),4,Other Race/Ethnicity_M
2019,"Accidents Except Drug Poisoning (V01-X39, X43, X45-X59, Y85-Y86)",4,Other Race/Ethnicity_M
2019,"Chronic Liver Disease and Cirrhosis (K70, K73-K74)",4,Other Race/Ethnicity_M
2019,All Other Causes,27,Other Race/Ethnicity_M
2019,"Diseases of Heart (I00-I09, I11, I13, I20-I51)",19,Other Race/Ethnicity_M
2019,Malignant Neoplasms (Cancer: C00-C97),15,Other Race/Ethnicity_M
2019,Influenza (Flu) and Pneumonia (J09-J18),6,Other Race/Ethnicity_M
2019,"Mental and Behavioral Disorders due to Accidental Poisoning and Other Psychoactive Substance Use (F11-F16, F18-F19, X40-X42, X44)",5,Other Race/Ethnicity_M
2019,Diabetes Mellitus (E10-E14),3,Other Race/Ethnicity_M
2019,"Congenital Malformations, Deformations, and Chromosomal Abnormalities (Q00-Q99)",3,Other Race/Ethnicity_M
2019,"Assault (Homicide: U01-U02, Y87.1, X85-Y09)",2,Other Race/Ethnicity_M
2019,Aortic Aneurysm and Dissection (I71),2,Other Race/Ethnicity_M
2019,"Intentional Self-Harm (Suicide: U03, X60-X84, Y87.0)",2,Other Race/Ethnicity_M
2019,Viral Hepatitis (B15-B19),1,Other Race/Ethnicity_M
2019,Septicemia (A40-A41),1,Other Race/Ethnicity_M
2019,Mental and Behavioral Disorders due to Use of Alcohol (F10),1,Other Race/Ethnicity_M
2019,"Complications of Medical and Surgical Care (Y40-Y84, Y88)",1,Other Race/Ethnicity_M
2019,"Essential Hypertension and Renal Diseases (I10, I12)",1,Other Race/Ethnicity_M
2019,"Accidents Except Drug Poisoning (V01-X39, X43, X45-X59, Y85-Y86)",1,Other Race/Ethnicity_M
2019,Cerebrovascular Disease (Stroke: I60-I69),1,Other Race/Ethnicity_M
2019,Human Immunodeficiency Virus Disease (HIV: B20-B24),1,Other Race/Ethnicity_M
2019,Alzheimer's Disease (G30),1,Other Race/Ethnicity_M
2019,Cholelithiasis and Disorders of Gallbladder (K80-K82),1,Other Race/Ethnicity_M
2019,All Other Causes,10,Other Race/Ethnicity_M
2019,"Diseases of Heart (I00-I09, I11, I13, I20-I51)",193,Not Stated/Unknown_M
2019,Malignant Neoplasms (Cancer: C00-C97),75,Not Stated/Unknown_M
2019,Diabetes Mellitus (E10-E14),34,Not Stated/Unknown_M
2019,Chronic Lower Respiratory Diseases (J40-J47),22,Not Stated/Unknown_M
2019,"Mental and Behavioral Disorders due to Accidental Poisoning and Other Psychoactive Substance Use (F11-F16, F18-F19, X40-X42, X44)",17,Not Stated/Unknown_M
2019,"Accidents Except Drug Poisoning (V01-X39, X43, X45-X59, Y85-Y86)",15,Not Stated/Unknown_M
2019,Influenza (Flu) and Pneumonia (J09-J18),14,Not Stated/Unknown_M
2019,Mental and Behavioral Disorders due to Use of Alcohol (F10),14,Not Stated/Unknown_M
2019,Certain Conditions originating in the Perinatal Period (P00-P96),14,Not Stated/Unknown_M
2019,"Chronic Liver Disease and Cirrhosis (K70, K73-K74)",14,Not Stated/Unknown_M
2019,All Other Causes,125,Not Stated/Unknown_M
2019,"Diseases of Heart (I00-I09, I11, I13, I20-I51)",1574,Hispanic_F
2019,Malignant Neoplasms (Cancer: C00-C97),1182,Hispanic_F
2019,Cerebrovascular Disease (Stroke: I60-I69),249,Hispanic_F
2019,Alzheimer's Disease (G30),231,Hispanic_F
2019,Diabetes Mellitus (E10-E14),214,Hispanic_F
2019,Chronic Lower Respiratory Diseases (J40-J47),178,Hispanic_F
2019,Influenza (Flu) and Pneumonia (J09-J18),156,Hispanic_F
2019,"Essential Hypertension and Renal Diseases (I10, I12)",151,Hispanic_F
2019,"Mental and Behavioral Disorders due to Accidental Poisoning and Other Psychoactive Substance Use (F11-F16, F18-F19, X40-X42, X44)",104,Hispanic_F
2019,"Accidents Except Drug Poisoning (V01-X39, X43, X45-X59, Y85-Y86)",98,Hispanic_F
2019,All Other Causes,1279,Hispanic_F
2019,"Diseases of Heart (I00-I09, I11, I13, I20-I51)",623,Asian and Pacific Islander_F
2019,Malignant Neoplasms (Cancer: C00-C97),582,Asian and Pacific Islander_F
2019,Cerebrovascular Disease (Stroke: I60-I69),110,Asian and Pacific Islander_F
2019,Diabetes Mellitus (E10-E14),78,Asian and Pacific Islander_F
2019,Influenza (Flu) and Pneumonia (J09-J18),67,Asian and Pacific Islander_F
2019,"Essential Hypertension and Renal Diseases (I10, I12)",66,Asian and Pacific Islander_F
2019,Alzheimer's Disease (G30),50,Asian and Pacific Islander_F
2019,Chronic Lower Respiratory Diseases (J40-J47),40,Asian and Pacific Islander_F
2019,"Intentional Self-Harm (Suicide: U03, X60-X84, Y87.0)",40,Asian and Pacific Islander_F
2019,"Accidents Except Drug Poisoning (V01-X39, X43, X45-X59, Y85-Y86)",40,Asian and Pacific Islander_F
2019,All Other Causes,401,Asian and Pacific Islander_F
2019,"Diseases of Heart (I00-I09, I11, I13, I20-I51)",4001,White Non-Hispanic_F
2019,Malignant Neoplasms (Cancer: C00-C97),2655,White Non-Hispanic_F
2019,Chronic Lower Respiratory Diseases (J40-J47),480,White Non-Hispanic_F
2019,Cerebrovascular Disease (Stroke: I60-I69),390,White Non-Hispanic_F
2019,Alzheimer's Disease (G30),341,White Non-Hispanic_F
2019,Influenza (Flu) and Pneumonia (J09-J18),308,White Non-Hispanic_F
2019,"Essential Hypertension and Renal Diseases (I10, I12)",228,White Non-Hispanic_F
2019,Diabetes Mellitus (E10-E14),197,White Non-Hispanic_F
2019,"Accidents Except Drug Poisoning (V01-X39, X43, X45-X59, Y85-Y86)",167,White Non-Hispanic_F
2019,"Mental and Behavioral Disorders due to Accidental Poisoning and Other Psychoactive Substance Use (F11-F16, F18-F19, X40-X42, X44)",125,White Non-Hispanic_F
2019,All Other Causes,2264,White Non-Hispanic_F
2019,"Diseases of Heart (I00-I09, I11, I13, I20-I51)",2483,Black Non-Hispanic_F
2019,Malignant Neoplasms (Cancer: C00-C97),1753,Black Non-Hispanic_F
2019,Diabetes Mellitus (E10-E14),383,Black Non-Hispanic_F
2019,Cerebrovascular Disease (Stroke: I60-I69),316,Black Non-Hispanic_F
2019,"Essential Hypertension and Renal Diseases (I10, I12)",290,Black Non-Hispanic_F
2019,Chronic Lower Respiratory Diseases (J40-J47),242,Black Non-Hispanic_F
2019,Influenza (Flu) and Pneumonia (J09-J18),227,Black Non-Hispanic_F
2019,Alzheimer's Disease (G30),171,Black Non-Hispanic_F
2019,"Mental and Behavioral Disorders due to Accidental Poisoning and Other Psychoactive Substance Use (F11-F16, F18-F19, X40-X42, X44)",120,Black Non-Hispanic_F
2019,"Nephritis, Nephrotic Syndrome and Nephrisis (N00-N07, N17-N19, N25-N27)",96,Black Non-Hispanic_F
2019,All Other Causes,1578,Black Non-Hispanic_F
2019,"Diseases of Heart (I00-I09, I11, I13, I20-I51)",39,Other Race/Ethnicity_F
2019,Malignant Neoplasms (Cancer: C00-C97),35,Other Race/Ethnicity_F
2019,Diabetes Mellitus (E10-E14),14,Other Race/Ethnicity_F
2019,Cerebrovascular Disease (Stroke: I60-I69),9,Other Race/Ethnicity_F
2019,"Essential Hypertension and Renal Diseases (I10, I12)",5,Other Race/Ethnicity_F
2019,"Mental and Behavioral Disorders due to Accidental Poisoning and Other Psychoactive Substance Use (F11-F16, F18-F19, X40-X42, X44)",3,Other Race/Ethnicity_F
2019,"Assault (Homicide: U01-U02, Y87.1, X85-Y09)",3,Other Race/Ethnicity_F
2019,"Accidents Except Drug Poisoning (V01-X39, X43, X45-X59, Y85-Y86)",3,Other Race/Ethnicity_F
2019,Alzheimer's Disease (G30),3,Other Race/Ethnicity_F
2019,Influenza (Flu) and Pneumonia (J09-J18),2,Other Race/Ethnicity_F
2019,"Complications of Medical and Surgical Care (Y40-Y84, Y88)",2,Other Race/Ethnicity_F
2019,Septicemia (A40-A41),2,Other Race/Ethnicity_F
2019,Insitu or Benign / Uncertain Neoplasms (D00-D48),2,Other Race/Ethnicity_F
2019,All Other Causes,28,Other Race/Ethnicity_F
2019,"Diseases of Heart (I00-I09, I11, I13, I20-I51)",30,Other Race/Ethnicity_F
2019,Malignant Neoplasms (Cancer: C00-C97),17,Other Race/Ethnicity_F
2019,Influenza (Flu) and Pneumonia (J09-J18),5,Other Race/Ethnicity_F
2019,Alzheimer's Disease (G30),3,Other Race/Ethnicity_F
2019,Chronic Lower Respiratory Diseases (J40-J47),2,Other Race/Ethnicity_F
2019,Cerebrovascular Disease (Stroke: I60-I69),2,Other Race/Ethnicity_F
2019,"Essential Hypertension and Renal Diseases (I10, I12)",2,Other Race/Ethnicity_F
2019,"Nephritis, Nephrotic Syndrome and Nephrisis (N00-N07, N17-N19, N25-N27)",2,Other Race/Ethnicity_F
2019,"Mental and Behavioral Disorders due to Accidental Poisoning and Other Psychoactive Substance Use (F11-F16, F18-F19, X40-X42, X44)",1,Other Race/Ethnicity_F
2019,Mental and Behavioral Disorders due to Use of Alcohol (F10),1,Other Race/Ethnicity_F
2019,Diabetes Mellitus (E10-E14),1,Other Race/Ethnicity_F
2019,"Intentional Self-Harm (Suicide: U03, X60-X84, Y87.0)",1,Other Race/Ethnicity_F
2019,"Accidents Except Drug Poisoning (V01-X39, X43, X45-X59, Y85-Y86)",1,Other Race/Ethnicity_F
2019,"Congenital Malformations, Deformations, and Chromosomal Abnormalities (Q00-Q99)",1,Other Race/Ethnicity_F
2019,Septicemia (A40-A41),1,Other Race/Ethnicity_F
2019,Anemias (D50-D64),1,Other Race/Ethnicity_F
2019,Cholelithiasis and Disorders of Gallbladder (K80-K82),1,Other Race/Ethnicity_F
2019,Parkinson's Disease (G20),1,Other Race/Ethnicity_F
2019,Peptic Ulcer (K25-K28),1,Other Race/Ethnicity_F
2019,All Other Causes,17,Other Race/Ethnicity_F
2019,"Diseases of Heart (I00-I09, I11, I13, I20-I51)",110,Not Stated/Unknown_F
2019,Malignant Neoplasms (Cancer: C00-C97),61,Not Stated/Unknown_F
2019,Diabetes Mellitus (E10-E14),15,Not Stated/Unknown_F
2019,Chronic Lower Respiratory Diseases (J40-J47),12,Not Stated/Unknown_F
2019,Cerebrovascular Disease (Stroke: I60-I69),11,Not Stated/Unknown_F
2019,"Essential Hypertension and Renal Diseases (I10, I12)",10,Not Stated/Unknown_F
2019,"Accidents Except Drug Poisoning (V01-X39, X43, X45-X59, Y85-Y86)",9,Not Stated/Unknown_F
2019,Influenza (Flu) and Pneumonia (J09-J18),8,Not Stated/Unknown_F
2019,Certain Conditions originating in the Perinatal Period (P00-P96),7,Not Stated/Unknown_F
2019,"Mental and Behavioral Disorders due to Accidental Poisoning and Other Psychoactive Substance Use (F11-F16, F18-F19, X40-X42, X44)",5,Not Stated/Unknown_F
2019,"Intentional Self-Harm (Suicide: U03, X60-X84, Y87.0)",5,Not Stated/Unknown_F
2019,All Other Causes,64,Not Stated/Unknown_F
2014,All Other Causes,424,Asian and Pacific Islander_M
2009,"Nephritis, Nephrotic Syndrome and Nephrisis (N00-N07, N17-N19, N25-N27)",0,Other Race/Ethnicity_F
2013,Influenza (Flu) and Pneumonia (J09-J18),204,Hispanic_F
2012,"Assault (Homicide: Y87.1, X85-Y09)",0,Other Race/Ethnicity_M
2007,"Essential Hypertension and Renal Diseases (I10, I12)",5,Not Stated/Unknown_F
2014,Cerebrovascular Disease (Stroke: I60-I69),418,White Non-Hispanic_F
2009,"Essential Hypertension and Renal Diseases (I10, I12)",26,Asian and Pacific Islander_M
2013,Influenza (Flu) and Pneumonia (J09-J18),618,White Non-Hispanic_M
2007,"Assault (Homicide: Y87.1, X85-Y09)",267,Black Non-Hispanic_M
2013,All Other Causes,139,Not Stated/Unknown_M
2008,Cerebrovascular Disease (Stroke: I60-I69),124,Hispanic_M
2007,"Essential Hypertension and Renal Diseases (I10, I12)",166,Black Non-Hispanic_F
2011,"Mental and Behavioral Disorders due to Accidental Poisoning and Other Psychoactive Substance Use (F11-F16, F18-F19, X40-X42, X44)",5,Not Stated/Unknown_M
2012,"Accidents Except Drug Posioning (V01-X39, X43, X45-X59, Y85-Y86)",56,Asian and Pacific Islander_M
2011,"Intentional Self-Harm (Suicide: X60-X84, Y87.0)",0,Not Stated/Unknown_M
2012,Chronic Lower Respiratory Diseases (J40-J47),132,Hispanic_M
2013,All Other Causes,395,Asian and Pacific Islander_M
2012,Diabetes Mellitus (E10-E14),292,White Non-Hispanic_M
2013,"Essential Hypertension and Renal Diseases (I10, I12)",240,Black Non-Hispanic_F
2011,"Diseases of Heart (I00-I09, I11, I13, I20-I51)",1840,Black Non-Hispanic_M
2008,"Diseases of Heart (I00-I09, I11, I13, I20-I51)",39,Other Race/Ethnicity_M
2014,Alzheimer's Disease (G30),142,Hispanic_F
2009,"Accidents Except Drug Posioning (V01-X39, X43, X45-X59, Y85-Y86)",134,Black Non-Hispanic_M
2008,Certain Conditions originating in the Perinatal Period (P00-P96),0,Other Race/Ethnicity_M
2011,Malignant Neoplasms (Cancer: C00-C97),33,Other Race/Ethnicity_F
2010,"Essential Hypertension and Renal Diseases (I10, I12)",252,Black Non-Hispanic_F
2010,"Diseases of Heart (I00-I09, I11, I13, I20-I51)",1354,Hispanic_M
2013,Viral Hepatitis (B15-B19),15,Asian and Pacific Islander_F
2009,Human Immunodeficiency Virus Disease (HIV: B20-B24),8,Not Stated/Unknown_M
2012,Malignant Neoplasms (Cancer: C00-C97),1563,Black Non-Hispanic_M
2007,All Other Causes,1680,White Non-Hispanic_F
2007,Human Immunodeficiency Virus Disease (HIV: B20-B24),248,Black Non-Hispanic_F
2014,Cerebrovascular Disease (Stroke: I60-I69),165,Hispanic_M
2007,All Other Causes,24,Other Race/Ethnicity_M
2011,All Other Causes,38,Not Stated/Unknown_M
2012,Human Immunodeficiency Virus Disease (HIV: B20-B24),9,Not Stated/Unknown_M
2008,"Accidents Except Drug Posioning (V01-X39, X43, X45-X59, Y85-Y86)",68,Hispanic_F
2011,"Accidents Except Drug Posioning (V01-X39, X43, X45-X59, Y85-Y86)",0,Not Stated/Unknown_M
2011,Chronic Lower Respiratory Diseases (J40-J47),0,Not Stated/Unknown_M
2012,Malignant Neoplasms (Cancer: C00-C97),29,Other Race/Ethnicity_F
2013,All Other Causes,42,Other Race/Ethnicity_M
2012,"Diseases of Heart (I00-I09, I11, I13, I20-I51)",48,Other Race/Ethnicity_F
2011,"Mental and Behavioral Disorders due to Accidental Poisoning and Other Psychoactive Substance Use (F11-F16, F18-F19, X40-X42, X44)",56,Hispanic_F
2011,All Other Causes,38,Other Race/Ethnicity_F
2011,"Accidents Except Drug Posioning (V01-X39, X43, X45-X59, Y85-Y86)",272,White Non-Hispanic_M
2009,"Diseases of Heart (I00-I09, I11, I13, I20-I51)",94,Not Stated/Unknown_M
2009,Septicemia (A40-A41),0,Not Stated/Unknown_F
2013,"Accidents Except Drug Posioning (V01-X39, X43, X45-X59, Y85-Y86)",60,Hispanic_F
2010,All Other Causes,18,Not Stated/Unknown_F
2008,Malignant Neoplasms (Cancer: C00-C97),60,Not Stated/Unknown_M
2012,"Chronic Liver Disease and Cirrhosis (K70, K73)",20,Asian and Pacific Islander_M
2011,Chronic Lower Respiratory Diseases (J40-J47),73,Asian and Pacific Islander_M
2009,Chronic Lower Respiratory Diseases (J40-J47),30,Asian and Pacific Islander_F
2010,"Diseases of Heart (I00-I09, I11, I13, I20-I51)",4495,White Non-Hispanic_M
2014,"Accidents Except Drug Posioning (V01-X39, X43, X45-X59, Y85-Y86)",12,Other Race/Ethnicity_M
2013,Influenza (Flu) and Pneumonia (J09-J18),622,White Non-Hispanic_F
2007,Malignant Neoplasms (Cancer: C00-C97),969,Hispanic_F
2008,"Nephritis, Nephrotic Syndrome and Nephrisis (N00-N07, N17-N19, N25-N27)",13,Asian and Pacific Islander_F
2009,Cerebrovascular Disease (Stroke: I60-I69),227,White Non-Hispanic_M
2009,Alzheimer's Disease (G30),14,Asian and Pacific Islander_F
2007,Malignant Neoplasms (Cancer: C00-C97),51,Not Stated/Unknown_F
2013,"Mental and Behavioral Disorders due to Accidental Poisoning and Other Psychoactive Substance Use (F11-F16, F18-F19, X40-X42, X44)",6,Not Stated/Unknown_F
2007,Cerebrovascular Disease (Stroke: I60-I69),0,Other Race/Ethnicity_F
2010,"Diseases of Heart (I00-I09, I11, I13, I20-I51)",50,Other Race/Ethnicity_F
2009,Certain Conditions originating in the Perinatal Period (P00-P96),0,Other Race/Ethnicity_M
2011,Influenza (Flu) and Pneumonia (J09-J18),6,Other Race/Ethnicity_F
2008,Malignant Neoplasms (Cancer: C00-C97),473,Asian and Pacific Islander_M
2012,"Essential Hypertension and Renal Diseases (I10, I12)",39,Asian and Pacific Islander_F
2010,Septicemia (A40-A41),0,Not Stated/Unknown_F
2010,All Other Causes,2034,White Non-Hispanic_M
2012,"Mental and Behavioral Disorders due to Accidental Poisoning and Other Psychoactive Substance Use (F11-F16, F18-F19, X40-X42, X44)",7,Not Stated/Unknown_M
2010,"Intentional Self-Harm (Suicide: X60-X84, Y87.0)",5,Other Race/Ethnicity_F
2008,All Other Causes,1069,Hispanic_M
2009,Human Immunodeficiency Virus Disease (HIV: B20-B24),0,Not Stated/Unknown_F
2010,"Accidents Except Drug Posioning (V01-X39, X43, X45-X59, Y85-Y86)",0,Not Stated/Unknown_F
2009,"Diseases of Heart (I00-I09, I11, I13, I20-I51)",5168,White Non-Hispanic_M
2012,Diabetes Mellitus (E10-E14),8,Other Race/Ethnicity_M
2013,Chronic Lower Respiratory Diseases (J40-J47),15,Not Stated/Unknown_M
2013,Cerebrovascular Disease (Stroke: I60-I69),7,Other Race/Ethnicity_F
2007,Diabetes Mellitus (E10-E14),237,White Non-Hispanic_M
2007,"Accidents Except Drug Posioning (V01-X39, X43, X45-X59, Y85-Y86)",71,Hispanic_F
2007,All Other Causes,182,Asian and Pacific Islander_F
2011,Diabetes Mellitus (E10-E14),307,Black Non-Hispanic_M
2014,Influenza (Flu) and Pneumonia (J09-J18),14,Not Stated/Unknown_M
2010,Certain Conditions originating in the Perinatal Period (P00-P96),5,Not Stated/Unknown_F
2010,Septicemia (A40-A41),107,White Non-Hispanic_F
2007,Malignant Neoplasms (Cancer: C00-C97),1013,Hispanic_M
2007,Chronic Lower Respiratory Diseases (J40-J47),137,Black Non-Hispanic_M
2011,Cerebrovascular Disease (Stroke: I60-I69),281,Black Non-Hispanic_F
2009,"Essential Hypertension and Renal Diseases (I10, I12)",84,Hispanic_F
2014,"Diseases of Heart (I00-I09, I11, I13, I20-I51)",2194,Black Non-Hispanic_F
2010,Alzheimer's Disease (G30),88,Black Non-Hispanic_F
2008,Malignant Neoplasms (Cancer: C00-C97),33,Other Race/Ethnicity_M
2013,Chronic Lower Respiratory Diseases (J40-J47),258,Black Non-Hispanic_F
2013,"Chronic Liver Disease and Cirrhosis (K70, K73)",29,Asian and Pacific Islander_M
2014,Diabetes Mellitus (E10-E14),71,Asian and Pacific Islander_M
2010,Diabetes Mellitus (E10-E14),7,Other Race/Ethnicity_F
2007,"Mental and Behavioral Disorders due to Accidental Poisoning and Other Psychoactive Substance Use (F11-F16, F18-F19, X40-X42, X44)",87,Black Non-Hispanic_F
2009,"Nephritis, Nephrotic Syndrome and Nephrisis (N00-N07, N17-N19, N25-N27)",0,Other Race/Ethnicity_M
2007,"Diseases of Heart (I00-I09, I11, I13, I20-I51)",1327,Hispanic_M
2011,Malignant Neoplasms (Cancer: C00-C97),1918,Black Non-Hispanic_F
2011,"Assault (Homicide: Y87.1, X85-Y09)",0,Other Race/Ethnicity_M
2011,Influenza (Flu) and Pneumonia (J09-J18),8,Not Stated/Unknown_F
2008,Malignant Neoplasms (Cancer: C00-C97),36,Not Stated/Unknown_F
2009,Alzheimer's Disease (G30),0,Not Stated/Unknown_F
2009,"Accidents Except Drug Posioning (V01-X39, X43, X45-X59, Y85-Y86)",0,Other Race/Ethnicity_M
2013,Malignant Neoplasms (Cancer: C00-C97),633,Asian and Pacific Islander_M
2014,Human Immunodeficiency Virus Disease (HIV: B20-B24),10,Other Race/Ethnicity_M
2012,Diabetes Mellitus (E10-E14),57,Asian and Pacific Islander_F
2013,Chronic Lower Respiratory Diseases (J40-J47),168,Hispanic_F
2011,Alzheimer's Disease (G30),0,Not Stated/Unknown_F
2011,"Nephritis, Nephrotic Syndrome and Nephrisis (N00-N07, N17-N19, N25-N27)",83,Black Non-Hispanic_F
2010,Cerebrovascular Disease (Stroke: I60-I69),276,White Non-Hispanic_M
2012,Human Immunodeficiency Virus Disease (HIV: B20-B24),136,Black Non-Hispanic_F
2010,Diabetes Mellitus (E10-E14),279,Black Non-Hispanic_M
2010,Influenza (Flu) and Pneumonia (J09-J18),108,Asian and Pacific Islander_M
2012,Malignant Neoplasms (Cancer: C00-C97),3184,White Non-Hispanic_M
2013,Cerebrovascular Disease (Stroke: I60-I69),271,Black Non-Hispanic_F
2013,"Diseases of Heart (I00-I09, I11, I13, I20-I51)",437,Asian and Pacific Islander_F
2011,Cerebrovascular Disease (Stroke: I60-I69),147,Hispanic_M
2010,"Essential Hypertension and Renal Diseases (I10, I12)",30,Asian and Pacific Islander_M
2010,Chronic Lower Respiratory Diseases (J40-J47),61,Asian and Pacific Islander_M
2009,"Essential Hypertension and Renal Diseases (I10, I12)",0,Other Race/Ethnicity_M
2009,Cerebrovascular Disease (Stroke: I60-I69),0,Other Race/Ethnicity_F
2013,All Other Causes,1193,Hispanic_M
2014,All Other Causes,1375,Black Non-Hispanic_M
2007,"Mental and Behavioral Disorders due to Accidental Poisoning and Other Psychoactive Substance Use (F11-F16, F18-F19, X40-X42, X44)",163,Black Non-Hispanic_M
2013,Influenza (Flu) and Pneumonia (J09-J18),102,Asian and Pacific Islander_M
2011,Influenza (Flu) and Pneumonia (J09-J18),94,Asian and Pacific Islander_M
2011,Diabetes Mellitus (E10-E14),410,Black Non-Hispanic_F
2010,Diabetes Mellitus (E10-E14),219,Hispanic_F
2012,"Diseases of Heart (I00-I09, I11, I13, I20-I51)",2269,Black Non-Hispanic_F
2009,Cerebrovascular Disease (Stroke: I60-I69),0,Other Race/Ethnicity_M
2014,All Other Causes,1195,Hispanic_M
2008,Cerebrovascular Disease (Stroke: I60-I69),245,White Non-Hispanic_M
2009,"Mental and Behavioral Disorders due to Accidental Poisoning and Other Psychoactive Substance Use (F11-F16, F18-F19, X40-X42, X44)",145,Hispanic_M
2009,Chronic Lower Respiratory Diseases (J40-J47),188,Black Non-Hispanic_F
2007,Malignant Neoplasms (Cancer: C00-C97),29,Other Race/Ethnicity_M
2009,Cerebrovascular Disease (Stroke: I60-I69),390,White Non-Hispanic_F
2013,Malignant Neoplasms (Cancer: C00-C97),43,Other Race/Ethnicity_F
2014,"Assault (Homicide: Y87.1, X85-Y09)",186,Black Non-Hispanic_M
2012,Cerebrovascular Disease (Stroke: I60-I69),285,White Non-Hispanic_M
2007,"Accidents Except Drug Posioning (V01-X39, X43, X45-X59, Y85-Y86)",53,Asian and Pacific Islander_M
2013,"Nephritis, Nephrotic Syndrome and Nephrisis (N00-N07, N17-N19, N25-N27)",93,Black Non-Hispanic_F
2009,"Chronic Liver Disease and Cirrhosis (K70, K73)",119,Hispanic_M
2007,"Diseases of Heart (I00-I09, I11, I13, I20-I51)",7050,White Non-Hispanic_F
2012,Cerebrovascular Disease (Stroke: I60-I69),129,Hispanic_M
2012,"Intentional Self-Harm (Suicide: X60-X84, Y87.0)",199,White Non-Hispanic_M
2009,Malignant Neoplasms (Cancer: C00-C97),1097,Hispanic_F
2014,Diabetes Mellitus (E10-E14),9,Not Stated/Unknown_F
2009,"Diseases of Heart (I00-I09, I11, I13, I20-I51)",2068,Black Non-Hispanic_M
2010,"Mental and Behavioral Disorders due to Accidental Poisoning and Other Psychoactive Substance Use (F11-F16, F18-F19, X40-X42, X44)",0,Other Race/Ethnicity_F
2013,"Accidents Except Drug Posioning (V01-X39, X43, X45-X59, Y85-Y86)",271,White Non-Hispanic_M
2014,Malignant Neoplasms (Cancer: C00-C97),66,Other Race/Ethnicity_F
2010,"Diseases of Heart (I00-I09, I11, I13, I20-I51)",52,Other Race/Ethnicity_M
2011,"Intentional Self-Harm (Suicide: X60-X84, Y87.0)",49,Asian and Pacific Islander_M
2007,Diabetes Mellitus (E10-E14),9,Not Stated/Unknown_M
2010,Diabetes Mellitus (E10-E14),258,White Non-Hispanic_F
2008,"Accidents Except Drug Posioning (V01-X39, X43, X45-X59, Y85-Y86)",36,Asian and Pacific Islander_F
2014,Septicemia (A40-A41),8,Not Stated/Unknown_M
2009,"Diseases of Heart (I00-I09, I11, I13, I20-I51)",6297,White Non-Hispanic_F
2007,All Other Causes,221,Asian and Pacific Islander_M
2014,"Accidents Except Drug Posioning (V01-X39, X43, X45-X59, Y85-Y86)",42,Asian and Pacific Islander_F
2011,Cerebrovascular Disease (Stroke: I60-I69),179,Hispanic_F
2013,"Diseases of Heart (I00-I09, I11, I13, I20-I51)",4535,White Non-Hispanic_F
2014,Human Immunodeficiency Virus Disease (HIV: B20-B24),10,Not Stated/Unknown_M
2007,Cerebrovascular Disease (Stroke: I60-I69),0,Not Stated/Unknown_F
2012,Influenza (Flu) and Pneumonia (J09-J18),6,Not Stated/Unknown_F
2008,"Mental and Behavioral Disorders due to Accidental Poisoning and Other Psychoactive Substance Use (F11-F16, F18-F19, X40-X42, X44)",227,White Non-Hispanic_M
2013,All Other Causes,1341,Black Non-Hispanic_M
2012,All Other Causes,2316,White Non-Hispanic_M
2009,Diabetes Mellitus (E10-E14),229,White Non-Hispanic_F
2013,Malignant Neoplasms (Cancer: C00-C97),3187,White Non-Hispanic_F
2008,Chronic Lower Respiratory Diseases (J40-J47),0,Not Stated/Unknown_F
2007,Chronic Lower Respiratory Diseases (J40-J47),29,Asian and Pacific Islander_F
2008,Cerebrovascular Disease (Stroke: I60-I69),5,Other Race/Ethnicity_M
2009,"Essential Hypertension and Renal Diseases (I10, I12)",0,Other Race/Ethnicity_F
2009,Malignant Neoplasms (Cancer: C00-C97),41,Not Stated/Unknown_F
2010,Cerebrovascular Disease (Stroke: I60-I69),168,Hispanic_F
2012,"Mental and Behavioral Disorders due to Accidental Poisoning and Other Psychoactive Substance Use (F11-F16, F18-F19, X40-X42, X44)",0,Other Race/Ethnicity_F
2010,Cerebrovascular Disease (Stroke: I60-I69),140,Hispanic_M
2013,Chronic Lower Respiratory Diseases (J40-J47),27,Asian and Pacific Islander_F
2008,Human Immunodeficiency Virus Disease (HIV: B20-B24),227,Black Non-Hispanic_F
2008,"Intentional Self-Harm (Suicide: X60-X84, Y87.0)",195,White Non-Hispanic_M
2014,Cerebrovascular Disease (Stroke: I60-I69),8,Other Race/Ethnicity_F
2014,"Chronic Liver Disease and Cirrhosis (K70, K73)",164,Hispanic_M
2012,"Assault (Homicide: Y87.1, X85-Y09)",235,Black Non-Hispanic_M
2009,Malignant Neoplasms (Cancer: C00-C97),12,Other Race/Ethnicity_M
2011,"Accidents Except Drug Posioning (V01-X39, X43, X45-X59, Y85-Y86)",0,Other Race/Ethnicity_F
2010,"Accidents Except Drug Posioning (V01-X39, X43, X45-X59, Y85-Y86)",10,Not Stated/Unknown_M
2011,All Other Causes,2445,White Non-Hispanic_F
2009,Cerebrovascular Disease (Stroke: I60-I69),245,Black Non-Hispanic_F
2010,All Other Causes,25,Other Race/Ethnicity_M
2013,Cerebrovascular Disease (Stroke: I60-I69),249,White Non-Hispanic_M
2013,"Essential Hypertension and Renal Diseases (I10, I12)",7,Not Stated/Unknown_F
2013,"Essential Hypertension and Renal Diseases (I10, I12)",156,White Non-Hispanic_M
2013,Cerebrovascular Disease (Stroke: I60-I69),191,Black Non-Hispanic_M
2011,"Mental and Behavioral Disorders due to Accidental Poisoning and Other Psychoactive Substance Use (F11-F16, F18-F19, X40-X42, X44)",88,White Non-Hispanic_F
2013,"Diseases of Heart (I00-I09, I11, I13, I20-I51)",4085,White Non-Hispanic_M
2010,Human Immunodeficiency Virus Disease (HIV: B20-B24),8,Not Stated/Unknown_M
2012,Chronic Lower Respiratory Diseases (J40-J47),55,Asian and Pacific Islander_M
2008,"Accidents Except Drug Posioning (V01-X39, X43, X45-X59, Y85-Y86)",272,White Non-Hispanic_M
2007,All Other Causes,15,Other Race/Ethnicity_F
2014,Influenza (Flu) and Pneumonia (J09-J18),11,Not Stated/Unknown_F
2012,"Diseases of Heart (I00-I09, I11, I13, I20-I51)",1251,Hispanic_M
2008,All Other Causes,19,Other Race/Ethnicity_F
2007,"Chronic Liver Disease and Cirrhosis (K70, K73)",0,Not Stated/Unknown_F
2011,All Other Causes,1473,Black Non-Hispanic_F
2008,Cerebrovascular Disease (Stroke: I60-I69),379,White Non-Hispanic_F
2013,Diabetes Mellitus (E10-E14),192,Hispanic_M
2007,Chronic Lower Respiratory Diseases (J40-J47),0,Other Race/Ethnicity_M
2009,"Accidents Except Drug Posioning (V01-X39, X43, X45-X59, Y85-Y86)",16,Not Stated/Unknown_M
2013,"Intentional Self-Harm (Suicide: X60-X84, Y87.0)",6,Other Race/Ethnicity_M
2014,"Essential Hypertension and Renal Diseases (I10, I12)",29,Asian and Pacific Islander_F
2007,All Other Causes,988,Hispanic_M
2008,Certain Conditions originating in the Perinatal Period (P00-P96),0,Other Race/Ethnicity_F
2011,Human Immunodeficiency Virus Disease (HIV: B20-B24),162,Hispanic_M
2013,Influenza (Flu) and Pneumonia (J09-J18),285,Black Non-Hispanic_F
2009,All Other Causes,1818,White Non-Hispanic_M
2011,"Congenital Malformations, Deformations, and Chromosomal Abnormalities (Q00-Q99)",0,Not Stated/Unknown_M
2008,All Other Causes,1824,White Non-Hispanic_M
2013,"Accidents Except Drug Posioning (V01-X39, X43, X45-X59, Y85-Y86)",63,Asian and Pacific Islander_M
2008,"Intentional Self-Harm (Suicide: X60-X84, Y87.0)",0,Other Race/Ethnicity_M
2011,"Diseases of Heart (I00-I09, I11, I13, I20-I51)",43,Not Stated/Unknown_F
2008,Cerebrovascular Disease (Stroke: I60-I69),13,Not Stated/Unknown_F
2012,"Accidents Except Drug Posioning (V01-X39, X43, X45-X59, Y85-Y86)",11,Not Stated/Unknown_M
2009,"Essential Hypertension and Renal Diseases (I10, I12)",215,White Non-Hispanic_F
2012,All Other Causes,333,Asian and Pacific Islander_M
2013,"Essential Hypertension and Renal Diseases (I10, I12)",5,Other Race/Ethnicity_M
2007,Cerebrovascular Disease (Stroke: I60-I69),279,Black Non-Hispanic_F
2011,Diabetes Mellitus (E10-E14),196,Hispanic_F
2007,Influenza (Flu) and Pneumonia (J09-J18),530,White Non-Hispanic_M
2012,"Chronic Liver Disease and Cirrhosis (K70, K73)",143,Hispanic_M
2011,Certain Conditions originating in the Perinatal Period (P00-P96),19,Asian and Pacific Islander_M
2008,Chronic Lower Respiratory Diseases (J40-J47),46,Asian and Pacific Islander_M
2007,"Mental and Behavioral Disorders due to Accidental Poisoning and Other Psychoactive Substance Use (F11-F16, F18-F19, X40-X42, X44)",10,Not Stated/Unknown_M
2008,Chronic Lower Respiratory Diseases (J40-J47),30,Asian and Pacific Islander_F
2009,Atherosclerosis (I70),0,Other Race/Ethnicity_F
2014,Cerebrovascular Disease (Stroke: I60-I69),10,Not Stated/Unknown_F
2011,"Mental and Behavioral Disorders due to Accidental Poisoning and Other Psychoactive Substance Use (F11-F16, F18-F19, X40-X42, X44)",145,Hispanic_M
2011,"Mental and Behavioral Disorders due to Accidental Poisoning and Other Psychoactive Substance Use (F11-F16, F18-F19, X40-X42, X44)",135,Black Non-Hispanic_M
2011,Cerebrovascular Disease (Stroke: I60-I69),98,Asian and Pacific Islander_F
2013,Certain Conditions originating in the Perinatal Period (P00-P96),0,Other Race/Ethnicity_F
2007,"Essential Hypertension and Renal Diseases (I10, I12)",155,White Non-Hispanic_F
2010,Human Immunodeficiency Virus Disease (HIV: B20-B24),189,Hispanic_M
2009,Influenza (Flu) and Pneumonia (J09-J18),0,Other Race/Ethnicity_M
2012,Chronic Lower Respiratory Diseases (J40-J47),352,White Non-Hispanic_M
2009,All Other Causes,220,Asian and Pacific Islander_F
2013,"Diseases of Heart (I00-I09, I11, I13, I20-I51)",2365,Black Non-Hispanic_F
2009,Chronic Lower Respiratory Diseases (J40-J47),6,Not Stated/Unknown_M
2010,Malignant Neoplasms (Cancer: C00-C97),1057,Hispanic_M
2007,All Other Causes,1230,Black Non-Hispanic_F
2014,"Essential Hypertension and Renal Diseases (I10, I12)",0,Not Stated/Unknown_F
2014,"Chronic Liver Disease and Cirrhosis (K70, K73)",10,Other Race/Ethnicity_M
2007,Alzheimer's Disease (G30),0,Not Stated/Unknown_F
2008,"Essential Hypertension and Renal Diseases (I10, I12)",31,Asian and Pacific Islander_M
2009,"Nephritis, Nephrotic Syndrome and Nephrisis (N00-N07, N17-N19, N25-N27)",75,Black Non-Hispanic_F
2007,"Chronic Liver Disease and Cirrhosis (K70, K73)",0,Other Race/Ethnicity_M
2009,"Diseases of Heart (I00-I09, I11, I13, I20-I51)",1349,Hispanic_F
2011,Malignant Neoplasms (Cancer: C00-C97),550,Asian and Pacific Islander_M
2011,"Mental and Behavioral Disorders due to Accidental Poisoning and Other Psychoactive Substance Use (F11-F16, F18-F19, X40-X42, X44)",254,White Non-Hispanic_M
2012,Influenza (Flu) and Pneumonia (J09-J18),11,Not Stated/Unknown_M
2008,"Chronic Liver Disease and Cirrhosis (K70, K73)",0,Not Stated/Unknown_F
2013,"Accidents Except Drug Posioning (V01-X39, X43, X45-X59, Y85-Y86)",166,White Non-Hispanic_F
2013,All Other Causes,2595,White Non-Hispanic_F
2008,Chronic Lower Respiratory Diseases (J40-J47),0,Other Race/Ethnicity_F
2011,Alzheimer's Disease (G30),231,White Non-Hispanic_F
2013,Malignant Neoplasms (Cancer: C00-C97),3132,White Non-Hispanic_M
2009,"Mental and Behavioral Disorders due to Accidental Poisoning and Other Psychoactive Substance Use (F11-F16, F18-F19, X40-X42, X44)",75,White Non-Hispanic_F
2013,Malignant Neoplasms (Cancer: C00-C97),467,Asian and Pacific Islander_F
2014,"Chronic Liver Disease and Cirrhosis (K70, K73)",31,Asian and Pacific Islander_M
2013,Alzheimer's Disease (G30),120,Hispanic_F
2010,Cerebrovascular Disease (Stroke: I60-I69),382,White Non-Hispanic_F
2012,Cerebrovascular Disease (Stroke: I60-I69),7,Other Race/Ethnicity_M
2008,Influenza (Flu) and Pneumonia (J09-J18),73,Asian and Pacific Islander_F
2010,"Intentional Self-Harm (Suicide: X60-X84, Y87.0)",17,Asian and Pacific Islander_F
2007,"Accidents Except Drug Posioning (V01-X39, X43, X45-X59, Y85-Y86)",0,Other Race/Ethnicity_F
2013,Chronic Lower Respiratory Diseases (J40-J47),72,Asian and Pacific Islander_M
2010,Cerebrovascular Disease (Stroke: I60-I69),0,Other Race/Ethnicity_M
2009,"Essential Hypertension and Renal Diseases (I10, I12)",148,White Non-Hispanic_M
2014,Influenza (Flu) and Pneumonia (J09-J18),11,Other Race/Ethnicity_M
2013,All Other Causes,79,Not Stated/Unknown_F
2013,"Essential Hypertension and Renal Diseases (I10, I12)",8,Other Race/Ethnicity_F
2010,Diabetes Mellitus (E10-E14),384,Black Non-Hispanic_F
2008,"Nephritis, Nephrotic Syndrome and Nephrisis (N00-N07, N17-N19, N25-N27)",14,Asian and Pacific Islander_M
2014,All Other Causes,59,Other Race/Ethnicity_F
2013,"Essential Hypertension and Renal Diseases (I10, I12)",50,Asian and Pacific Islander_F
2013,Diabetes Mellitus (E10-E14),265,White Non-Hispanic_M
2009,Cerebrovascular Disease (Stroke: I60-I69),61,Asian and Pacific Islander_F
2008,All Other Causes,42,Not Stated/Unknown_F
2012,Chronic Lower Respiratory Diseases (J40-J47),8,Not Stated/Unknown_F
2012,Diabetes Mellitus (E10-E14),194,Hispanic_M
2009,Diabetes Mellitus (E10-E14),290,White Non-Hispanic_M
2014,"Diseases of Heart (I00-I09, I11, I13, I20-I51)",1230,Hispanic_F
2012,Chronic Lower Respiratory Diseases (J40-J47),39,Asian and Pacific Islander_F
2014,Cerebrovascular Disease (Stroke: I60-I69),220,Hispanic_F
2011,"Essential Hypertension and Renal Diseases (I10, I12)",83,Hispanic_F
2014,Malignant Neoplasms (Cancer: C00-C97),3142,White Non-Hispanic_M
2009,All Other Causes,55,Not Stated/Unknown_M
2011,"Diseases of Heart (I00-I09, I11, I13, I20-I51)",62,Not Stated/Unknown_M
2012,Septicemia (A40-A41),0,Other Race/Ethnicity_F
2012,"Accidents Except Drug Posioning (V01-X39, X43, X45-X59, Y85-Y86)",34,Asian and Pacific Islander_F
2013,"Mental and Behavioral Disorders due to Accidental Poisoning and Other Psychoactive Substance Use (F11-F16, F18-F19, X40-X42, X44)",63,Hispanic_F
2010,"Intentional Self-Harm (Suicide: X60-X84, Y87.0)",0,Not Stated/Unknown_M
2013,Chronic Lower Respiratory Diseases (J40-J47),9,Not Stated/Unknown_F
2007,Alzheimer's Disease (G30),107,White Non-Hispanic_F
2008,Chronic Lower Respiratory Diseases (J40-J47),169,Black Non-Hispanic_M
2008,Influenza (Flu) and Pneumonia (J09-J18),187,Hispanic_M
2009,All Other Causes,1684,White Non-Hispanic_F
2013,"Mental and Behavioral Disorders due to Accidental Poisoning and Other Psychoactive Substance Use (F11-F16, F18-F19, X40-X42, X44)",21,Not Stated/Unknown_M
2014,"Essential Hypertension and Renal Diseases (I10, I12)",180,White Non-Hispanic_F
2007,All Other Causes,27,Not Stated/Unknown_F
2009,Certain Conditions originating in the Perinatal Period (P00-P96),8,Not Stated/Unknown_M
2011,Chronic Lower Respiratory Diseases (J40-J47),123,Hispanic_M
2011,Diabetes Mellitus (E10-E14),7,Not Stated/Unknown_M
2012,Certain Conditions originating in the Perinatal Period (P00-P96),0,Other Race/Ethnicity_M
2007,"Diseases of Heart (I00-I09, I11, I13, I20-I51)",2722,Black Non-Hispanic_F
2007,Septicemia (A40-A41),89,Black Non-Hispanic_F
2014,"Essential Hypertension and Renal Diseases (I10, I12)",116,Hispanic_F
2007,Chronic Lower Respiratory Diseases (J40-J47),6,Not Stated/Unknown_F
2011,"Essential Hypertension and Renal Diseases (I10, I12)",225,Black Non-Hispanic_F
2009,"Accidents Except Drug Posioning (V01-X39, X43, X45-X59, Y85-Y86)",37,Asian and Pacific Islander_F
2013,Influenza (Flu) and Pneumonia (J09-J18),6,Other Race/Ethnicity_F
2007,"Mental and Behavioral Disorders due to Accidental Poisoning and Other Psychoactive Substance Use (F11-F16, F18-F19, X40-X42, X44)",183,Hispanic_M
2013,Diabetes Mellitus (E10-E14),17,Other Race/Ethnicity_M
2014,Certain Conditions originating in the Perinatal Period (P00-P96),10,Not Stated/Unknown_F
2011,Malignant Neoplasms (Cancer: C00-C97),451,Asian and Pacific Islander_F
2008,Cerebrovascular Disease (Stroke: I60-I69),152,Hispanic_F
2007,Cerebrovascular Disease (Stroke: I60-I69),56,Asian and Pacific Islander_M
2013,"Essential Hypertension and Renal Diseases (I10, I12)",206,White Non-Hispanic_F
2007,"Chronic Liver Disease and Cirrhosis (K70, K73)",107,Hispanic_M
2012,Influenza (Flu) and Pneumonia (J09-J18),76,Asian and Pacific Islander_M
2011,Human Immunodeficiency Virus Disease (HIV: B20-B24),10,Not Stated/Unknown_M
2012,Human Immunodeficiency Virus Disease (HIV: B20-B24),103,Hispanic_M
2013,Cerebrovascular Disease (Stroke: I60-I69),14,Not Stated/Unknown_F
2011,Chronic Lower Respiratory Diseases (J40-J47),156,Hispanic_F
2012,All Other Causes,24,Other Race/Ethnicity_M
2012,Cerebrovascular Disease (Stroke: I60-I69),169,Hispanic_F
2013,Chronic Lower Respiratory Diseases (J40-J47),142,Hispanic_M
2013,Malignant Neoplasms (Cancer: C00-C97),1149,Hispanic_F
2009,Human Immunodeficiency Virus Disease (HIV: B20-B24),208,Black Non-Hispanic_F
2014,Septicemia (A40-A41),118,White Non-Hispanic_F
2009,"Accidents Except Drug Posioning (V01-X39, X43, X45-X59, Y85-Y86)",170,Hispanic_M
2014,"Chronic Liver Disease and Cirrhosis (K70, K73)",0,Not Stated/Unknown_F
2010,Human Immunodeficiency Virus Disease (HIV: B20-B24),79,Hispanic_F
2008,All Other Causes,1216,Black Non-Hispanic_M
2007,Cerebrovascular Disease (Stroke: I60-I69),126,Hispanic_M
2009,Human Immunodeficiency Virus Disease (HIV: B20-B24),329,Black Non-Hispanic_M
2014,"Congenital Malformations, Deformations, and Chromosomal Abnormalities (Q00-Q99)",0,Other Race/Ethnicity_F
2010,Cerebrovascular Disease (Stroke: I60-I69),0,Not Stated/Unknown_M
2014,Influenza (Flu) and Pneumonia (J09-J18),105,Asian and Pacific Islander_M
2009,Diabetes Mellitus (E10-E14),48,Asian and Pacific Islander_M
2012,All Other Causes,327,Asian and Pacific Islander_F
2012,"Diseases of Heart (I00-I09, I11, I13, I20-I51)",39,Other Race/Ethnicity_M
2007,Influenza (Flu) and Pneumonia (J09-J18),0,Other Race/Ethnicity_F
2013,Influenza (Flu) and Pneumonia (J09-J18),233,Hispanic_M
2008,All Other Causes,885,Hispanic_F
2011,Influenza (Flu) and Pneumonia (J09-J18),218,Hispanic_F
2008,Human Immunodeficiency Virus Disease (HIV: B20-B24),356,Black Non-Hispanic_M
2014,All Other Causes,1536,Black Non-Hispanic_F
2008,"Mental and Behavioral Disorders due to Accidental Poisoning and Other Psychoactive Substance Use (F11-F16, F18-F19, X40-X42, X44)",13,Not Stated/Unknown_M
2013,"Diseases of Heart (I00-I09, I11, I13, I20-I51)",1868,Black Non-Hispanic_M
2011,Diabetes Mellitus (E10-E14),60,Asian and Pacific Islander_M
2010,Chronic Lower Respiratory Diseases (J40-J47),149,Hispanic_M
2008,Viral Hepatitis (B15-B19),6,Not Stated/Unknown_M
2010,Malignant Neoplasms (Cancer: C00-C97),46,Not Stated/Unknown_M
2009,Malignant Neoplasms (Cancer: C00-C97),19,Other Race/Ethnicity_F
2014,"Accidents Except Drug Posioning (V01-X39, X43, X45-X59, Y85-Y86)",6,Other Race/Ethnicity_F
2009,Human Immunodeficiency Virus Disease (HIV: B20-B24),196,Hispanic_M
2014,Malignant Neoplasms (Cancer: C00-C97),73,Not Stated/Unknown_M
2014,"Mental and Behavioral Disorders due to Accidental Poisoning and Other Psychoactive Substance Use (F11-F16, F18-F19, X40-X42, X44)",314,White Non-Hispanic_M
2014,All Other Causes,48,Not Stated/Unknown_F
2008,Influenza (Flu) and Pneumonia (J09-J18),222,Black Non-Hispanic_M
2010,Cerebrovascular Disease (Stroke: I60-I69),171,Black Non-Hispanic_M
2009,Influenza (Flu) and Pneumonia (J09-J18),84,Asian and Pacific Islander_M
2011,Chronic Lower Respiratory Diseases (J40-J47),221,Black Non-Hispanic_F
2010,Diabetes Mellitus (E10-E14),5,Other Race/Ethnicity_M
2008,"Diseases of Heart (I00-I09, I11, I13, I20-I51)",108,Not Stated/Unknown_F
2013,"Diseases of Heart (I00-I09, I11, I13, I20-I51)",1307,Hispanic_M
2014,"Accidents Except Drug Posioning (V01-X39, X43, X45-X59, Y85-Y86)",68,Asian and Pacific Islander_M
2007,"Diseases of Heart (I00-I09, I11, I13, I20-I51)",43,Other Race/Ethnicity_F
2014,Cerebrovascular Disease (Stroke: I60-I69),277,White Non-Hispanic_M
2014,"Mental and Behavioral Disorders due to Accidental Poisoning and Other Psychoactive Substance Use (F11-F16, F18-F19, X40-X42, X44)",6,Not Stated/Unknown_F
2012,"Nephritis, Nephrotic Syndrome and Nephrisis (N00-N07, N17-N19, N25-N27)",22,Asian and Pacific Islander_F
2010,Influenza (Flu) and Pneumonia (J09-J18),228,Hispanic_F
2014,"Diseases of Heart (I00-I09, I11, I13, I20-I51)",462,Asian and Pacific Islander_F
2013,"Mental and Behavioral Disorders due to Accidental Poisoning and Other Psychoactive Substance Use (F11-F16, F18-F19, X40-X42, X44)",286,White Non-Hispanic_M
2007,"Congenital Malformations, Deformations, and Chromosomal Abnormalities (Q00-Q99)",0,Other Race/Ethnicity_F
2008,"Congenital Malformations, Deformations, and Chromosomal Abnormalities (Q00-Q99)",14,Asian and Pacific Islander_M
2010,Diabetes Mellitus (E10-E14),64,Asian and Pacific Islander_M
2011,Malignant Neoplasms (Cancer: C00-C97),1144,Hispanic_M
2007,"Assault (Homicide: Y87.1, X85-Y09)",114,Hispanic_M
2011,"Diseases of Heart (I00-I09, I11, I13, I20-I51)",452,Asian and Pacific Islander_M
2010,Chronic Lower Respiratory Diseases (J40-J47),156,Hispanic_F
2008,Certain Conditions originating in the Perinatal Period (P00-P96),6,Not Stated/Unknown_M
2011,Diabetes Mellitus (E10-E14),6,Not Stated/Unknown_F
2011,Diabetes Mellitus (E10-E14),200,Hispanic_M
2011,Certain Conditions originating in the Perinatal Period (P00-P96),14,Not Stated/Unknown_F
2008,"Diseases of Heart (I00-I09, I11, I13, I20-I51)",456,Asian and Pacific Islander_F
2012,Diabetes Mellitus (E10-E14),200,Hispanic_F
2007,Influenza (Flu) and Pneumonia (J09-J18),58,Asian and Pacific Islander_F
2009,All Other Causes,1067,Hispanic_M
2012,"Essential Hypertension and Renal Diseases (I10, I12)",0,Other Race/Ethnicity_F
2008,"Diseases of Heart (I00-I09, I11, I13, I20-I51)",5503,White Non-Hispanic_M
2013,Influenza (Flu) and Pneumonia (J09-J18),8,Other Race/Ethnicity_M
2011,Influenza (Flu) and Pneumonia (J09-J18),273,Black Non-Hispanic_F
2012,"Congenital Malformations, Deformations, and Chromosomal Abnormalities (Q00-Q99)",0,Other Race/Ethnicity_F
2014,Influenza (Flu) and Pneumonia (J09-J18),199,Hispanic_M
2010,Chronic Lower Respiratory Diseases (J40-J47),388,White Non-Hispanic_M
2010,Influenza (Flu) and Pneumonia (J09-J18),201,Black Non-Hispanic_M
2012,Influenza (Flu) and Pneumonia (J09-J18),576,White Non-Hispanic_F
2010,"Essential Hypertension and Renal Diseases (I10, I12)",0,Other Race/Ethnicity_F
2014,All Other Causes,2578,White Non-Hispanic_F
2008,"Assault (Homicide: Y87.1, X85-Y09)",286,Black Non-Hispanic_M
2007,"Essential Hypertension and Renal Diseases (I10, I12)",25,Asian and Pacific Islander_M
2008,Diabetes Mellitus (E10-E14),228,Hispanic_F
2008,"Chronic Liver Disease and Cirrhosis (K70, K73)",0,Other Race/Ethnicity_F
2007,Malignant Neoplasms (Cancer: C00-C97),395,Asian and Pacific Islander_F
2009,Certain Conditions originating in the Perinatal Period (P00-P96),0,Other Race/Ethnicity_F
2007,"Essential Hypertension and Renal Diseases (I10, I12)",137,Black Non-Hispanic_M
2011,Chronic Lower Respiratory Diseases (J40-J47),30,Asian and Pacific Islander_F
2010,"Accidents Except Drug Posioning (V01-X39, X43, X45-X59, Y85-Y86)",147,Black Non-Hispanic_M
2010,Cerebrovascular Disease (Stroke: I60-I69),89,Asian and Pacific Islander_F
2009,Cerebrovascular Disease (Stroke: I60-I69),58,Asian and Pacific Islander_M
2013,"Accidents Except Drug Posioning (V01-X39, X43, X45-X59, Y85-Y86)",5,Other Race/Ethnicity_M
2013,Chronic Lower Respiratory Diseases (J40-J47),437,White Non-Hispanic_M
2011,"Essential Hypertension and Renal Diseases (I10, I12)",142,White Non-Hispanic_M
2011,"Accidents Except Drug Posioning (V01-X39, X43, X45-X59, Y85-Y86)",10,Other Race/Ethnicity_M
2010,"Essential Hypertension and Renal Diseases (I10, I12)",5,Not Stated/Unknown_F
2012,Chronic Lower Respiratory Diseases (J40-J47),507,White Non-Hispanic_F
2010,Influenza (Flu) and Pneumonia (J09-J18),0,Not Stated/Unknown_F
2012,Influenza (Flu) and Pneumonia (J09-J18),242,Black Non-Hispanic_M
2010,Viral Hepatitis (B15-B19),0,Not Stated/Unknown_F
2009,"Essential Hypertension and Renal Diseases (I10, I12)",131,Black Non-Hispanic_M
2013,Malignant Neoplasms (Cancer: C00-C97),99,Not Stated/Unknown_M
2007,Malignant Neoplasms (Cancer: C00-C97),1800,Black Non-Hispanic_F
2007,Malignant Neoplasms (Cancer: C00-C97),22,Other Race/Ethnicity_F
2014,Influenza (Flu) and Pneumonia (J09-J18),266,Black Non-Hispanic_F
2010,Malignant Neoplasms (Cancer: C00-C97),3408,White Non-Hispanic_M
2007,"Diseases of Heart (I00-I09, I11, I13, I20-I51)",428,Asian and Pacific Islander_F
2010,"Accidents Except Drug Posioning (V01-X39, X43, X45-X59, Y85-Y86)",163,White Non-Hispanic_F
2011,All Other Causes,1337,Black Non-Hispanic_M
2014,All Other Causes,2275,White Non-Hispanic_M
2008,Cerebrovascular Disease (Stroke: I60-I69),48,Asian and Pacific Islander_M
2012,Diabetes Mellitus (E10-E14),9,Other Race/Ethnicity_F
2007,"Nephritis, Nephrotic Syndrome and Nephrisis (N00-N07, N17-N19, N25-N27)",13,Asian and Pacific Islander_F
2013,"Accidents Except Drug Posioning (V01-X39, X43, X45-X59, Y85-Y86)",0,Other Race/Ethnicity_F
2011,Diabetes Mellitus (E10-E14),14,Other Race/Ethnicity_M
2010,"Diseases of Heart (I00-I09, I11, I13, I20-I51)",1316,Hispanic_F
2008,Malignant Neoplasms (Cancer: C00-C97),3366,White Non-Hispanic_F
2011,"Diseases of Heart (I00-I09, I11, I13, I20-I51)",4220,White Non-Hispanic_M
2014,Cerebrovascular Disease (Stroke: I60-I69),7,Other Race/Ethnicity_M
2007,"Accidents Except Drug Posioning (V01-X39, X43, X45-X59, Y85-Y86)",87,Black Non-Hispanic_F
2007,Cerebrovascular Disease (Stroke: I60-I69),164,Hispanic_F
2014,"Diseases of Heart (I00-I09, I11, I13, I20-I51)",4507,White Non-Hispanic_F
2009,Chronic Lower Respiratory Diseases (J40-J47),51,Asian and Pacific Islander_M
2007,Mental and Behavioral Disorders due to Use of Alcohol (F10),0,Not Stated/Unknown_M
2012,Diabetes Mellitus (E10-E14),409,Black Non-Hispanic_F
2009,Chronic Lower Respiratory Diseases (J40-J47),7,Not Stated/Unknown_F
2014,Influenza (Flu) and Pneumonia (J09-J18),563,White Non-Hispanic_F
2012,"Essential Hypertension and Renal Diseases (I10, I12)",214,Black Non-Hispanic_F
2013,"Diseases of Heart (I00-I09, I11, I13, I20-I51)",151,Not Stated/Unknown_M
2008,Influenza (Flu) and Pneumonia (J09-J18),621,White Non-Hispanic_F
2008,Chronic Lower Respiratory Diseases (J40-J47),191,Black Non-Hispanic_F
2009,"Diseases of Heart (I00-I09, I11, I13, I20-I51)",38,Other Race/Ethnicity_M
2011,Influenza (Flu) and Pneumonia (J09-J18),209,Hispanic_M
2013,Chronic Lower Respiratory Diseases (J40-J47),0,Other Race/Ethnicity_M
2009,"Essential Hypertension and Renal Diseases (I10, I12)",227,Black Non-Hispanic_F
2007,"Accidents Except Drug Posioning (V01-X39, X43, X45-X59, Y85-Y86)",5,Other Race/Ethnicity_M
2010,Chronic Lower Respiratory Diseases (J40-J47),6,Not Stated/Unknown_F
2007,"Diseases of Heart (I00-I09, I11, I13, I20-I51)",5632,White Non-Hispanic_M
2007,All Other Causes,43,Not Stated/Unknown_M
2011,Malignant Neoplasms (Cancer: C00-C97),11,Not Stated/Unknown_F
2011,Influenza (Flu) and Pneumonia (J09-J18),243,Black Non-Hispanic_M
2008,Malignant Neoplasms (Cancer: C00-C97),1046,Hispanic_F
2009,Alzheimer's Disease (G30),205,White Non-Hispanic_F
2008,Diabetes Mellitus (E10-E14),246,White Non-Hispanic_M
2014,Diabetes Mellitus (E10-E14),292,White Non-Hispanic_M
2014,"Accidents Except Drug Posioning (V01-X39, X43, X45-X59, Y85-Y86)",148,Black Non-Hispanic_M
2012,"Intentional Self-Harm (Suicide: X60-X84, Y87.0)",8,Not Stated/Unknown_M
2008,"Intentional Self-Harm (Suicide: X60-X84, Y87.0)",30,Asian and Pacific Islander_M
2011,Alzheimer's Disease (G30),0,Other Race/Ethnicity_F
2011,Tuberculosis (A16-A19),0,Not Stated/Unknown_F
2013,Human Immunodeficiency Virus Disease (HIV: B20-B24),122,Hispanic_M
2007,"Assault (Homicide: Y87.1, X85-Y09)",0,Not Stated/Unknown_M
2014,"Mental and Behavioral Disorders due to Accidental Poisoning and Other Psychoactive Substance Use (F11-F16, F18-F19, X40-X42, X44)",191,Hispanic_M
2008,Cerebrovascular Disease (Stroke: I60-I69),65,Asian and Pacific Islander_F
2007,Malignant Neoplasms (Cancer: C00-C97),3518,White Non-Hispanic_F
2011,Influenza (Flu) and Pneumonia (J09-J18),696,White Non-Hispanic_F
2012,Influenza (Flu) and Pneumonia (J09-J18),540,White Non-Hispanic_M
2011,Alzheimer's Disease (G30),24,Asian and Pacific Islander_F
2010,Mental and Behavioral Disorders due to Use of Alcohol (F10),0,Other Race/Ethnicity_M
2008,"Accidents Except Drug Posioning (V01-X39, X43, X45-X59, Y85-Y86)",0,Other Race/Ethnicity_M
2011,Human Immunodeficiency Virus Disease (HIV: B20-B24),277,Black Non-Hispanic_M
2011,Alzheimer's Disease (G30),90,Hispanic_F
2009,"Assault (Homicide: Y87.1, X85-Y09)",255,Black Non-Hispanic_M
2013,Malignant Neoplasms (Cancer: C00-C97),1592,Black Non-Hispanic_M
2008,"Intentional Self-Harm (Suicide: X60-X84, Y87.0)",26,Asian and Pacific Islander_F
2007,"Accidents Except Drug Posioning (V01-X39, X43, X45-X59, Y85-Y86)",8,Not Stated/Unknown_M
2008,Human Immunodeficiency Virus Disease (HIV: B20-B24),113,Hispanic_F
2013,Diabetes Mellitus (E10-E14),300,Black Non-Hispanic_M
2009,Influenza (Flu) and Pneumonia (J09-J18),5,Other Race/Ethnicity_F
2012,Influenza (Flu) and Pneumonia (J09-J18),295,Black Non-Hispanic_F
2012,Septicemia (A40-A41),6,Other Race/Ethnicity_M
2007,"Intentional Self-Harm (Suicide: X60-X84, Y87.0)",5,Not Stated/Unknown_M
2010,All Other Causes,27,Other Race/Ethnicity_F
2009,All Other Causes,1305,Black Non-Hispanic_F
2007,"Nephritis, Nephrotic Syndrome and Nephrisis (N00-N07, N17-N19, N25-N27)",89,White Non-Hispanic_F
2011,"Diseases of Heart (I00-I09, I11, I13, I20-I51)",42,Other Race/Ethnicity_M
2011,"Accidents Except Drug Posioning (V01-X39, X43, X45-X59, Y85-Y86)",43,Asian and Pacific Islander_F
2009,Chronic Lower Respiratory Diseases (J40-J47),0,Other Race/Ethnicity_F
2007,Atherosclerosis (I70),0,Other Race/Ethnicity_F
2007,Human Immunodeficiency Virus Disease (HIV: B20-B24),218,Hispanic_M
2012,"Essential Hypertension and Renal Diseases (I10, I12)",5,Not Stated/Unknown_F
2014,"Accidents Except Drug Posioning (V01-X39, X43, X45-X59, Y85-Y86)",0,Not Stated/Unknown_F
2012,"Assault (Homicide: Y87.1, X85-Y09)",0,Other Race/Ethnicity_F
2008,"Accidents Except Drug Posioning (V01-X39, X43, X45-X59, Y85-Y86)",186,Hispanic_M
2008,Influenza (Flu) and Pneumonia (J09-J18),318,Black Non-Hispanic_F
2012,Cerebrovascular Disease (Stroke: I60-I69),416,White Non-Hispanic_F
2009,"Chronic Liver Disease and Cirrhosis (K70, K73)",10,Not Stated/Unknown_M
2010,Influenza (Flu) and Pneumonia (J09-J18),275,Black Non-Hispanic_F
2008,"Essential Hypertension and Renal Diseases (I10, I12)",104,Hispanic_F
2011,"Intentional Self-Harm (Suicide: X60-X84, Y87.0)",5,Other Race/Ethnicity_M
2008,Cerebrovascular Disease (Stroke: I60-I69),206,Black Non-Hispanic_M
2013,Influenza (Flu) and Pneumonia (J09-J18),24,Not Stated/Unknown_M
2011,Cerebrovascular Disease (Stroke: I60-I69),200,Black Non-Hispanic_M
2007,Chronic Lower Respiratory Diseases (J40-J47),116,Hispanic_F
2009,"Accidents Except Drug Posioning (V01-X39, X43, X45-X59, Y85-Y86)",279,White Non-Hispanic_M
2011,Malignant Neoplasms (Cancer: C00-C97),3222,White Non-Hispanic_M
2010,"Nephritis, Nephrotic Syndrome and Nephrisis (N00-N07, N17-N19, N25-N27)",86,Black Non-Hispanic_F
2010,Malignant Neoplasms (Cancer: C00-C97),29,Not Stated/Unknown_F
2009,Diabetes Mellitus (E10-E14),0,Other Race/Ethnicity_M
2014,Influenza (Flu) and Pneumonia (J09-J18),502,White Non-Hispanic_M
2010,"Diseases of Heart (I00-I09, I11, I13, I20-I51)",2015,Black Non-Hispanic_M
2012,Aortic Aneurysm and Dissection (I71),0,Other Race/Ethnicity_F
2009,Malignant Neoplasms (Cancer: C00-C97),1735,Black Non-Hispanic_F
2008,"Intentional Self-Harm (Suicide: X60-X84, Y87.0)",0,Not Stated/Unknown_F
2010,"Chronic Liver Disease and Cirrhosis (K70, K73)",18,Asian and Pacific Islander_M
2014,"Diseases of Heart (I00-I09, I11, I13, I20-I51)",63,Other Race/Ethnicity_M
2009,"Diseases of Heart (I00-I09, I11, I13, I20-I51)",1382,Hispanic_M
2013,Cerebrovascular Disease (Stroke: I60-I69),10,Other Race/Ethnicity_M
2013,Influenza (Flu) and Pneumonia (J09-J18),78,Asian and Pacific Islander_F
2011,"Essential Hypertension and Renal Diseases (I10, I12)",46,Asian and Pacific Islander_F
2007,Influenza (Flu) and Pneumonia (J09-J18),13,Not Stated/Unknown_M
2012,All Other Causes,1109,Hispanic_F
2011,Alzheimer's Disease (G30),90,Black Non-Hispanic_F
2013,Diabetes Mellitus (E10-E14),96,Asian and Pacific Islander_M
2009,Influenza (Flu) and Pneumonia (J09-J18),14,Not Stated/Unknown_M
2012,"Diseases of Heart (I00-I09, I11, I13, I20-I51)",4156,White Non-Hispanic_M
2013,Diabetes Mellitus (E10-E14),15,Not Stated/Unknown_F
2013,"Nephritis, Nephrotic Syndrome and Nephrisis (N00-N07, N17-N19, N25-N27)",0,Other Race/Ethnicity_F
2008,All Other Causes,67,Not Stated/Unknown_M
2013,Influenza (Flu) and Pneumonia (J09-J18),274,Black Non-Hispanic_M
2011,"Diseases of Heart (I00-I09, I11, I13, I20-I51)",1348,Hispanic_F
2014,Cerebrovascular Disease (Stroke: I60-I69),274,Black Non-Hispanic_F
2011,"Intentional Self-Harm (Suicide: X60-X84, Y87.0)",177,White Non-Hispanic_M
2014,Certain Conditions originating in the Perinatal Period (P00-P96),8,Other Race/Ethnicity_M
2012,"Diseases of Heart (I00-I09, I11, I13, I20-I51)",1263,Hispanic_F
2013,"Diseases of Heart (I00-I09, I11, I13, I20-I51)",1261,Hispanic_F
2014,"Diseases of Heart (I00-I09, I11, I13, I20-I51)",68,Other Race/Ethnicity_F
2014,Chronic Lower Respiratory Diseases (J40-J47),220,Black Non-Hispanic_F
2010,Malignant Neoplasms (Cancer: C00-C97),3438,White Non-Hispanic_F
2011,Malignant Neoplasms (Cancer: C00-C97),36,Other Race/Ethnicity_M
2010,"Essential Hypertension and Renal Diseases (I10, I12)",95,Hispanic_F
2010,Cerebrovascular Disease (Stroke: I60-I69),83,Asian and Pacific Islander_M
2008,Diabetes Mellitus (E10-E14),191,Hispanic_M
2013,Cerebrovascular Disease (Stroke: I60-I69),158,Hispanic_M
2012,"Essential Hypertension and Renal Diseases (I10, I12)",199,White Non-Hispanic_F
2009,Chronic Lower Respiratory Diseases (J40-J47),371,White Non-Hispanic_M
2012,Chronic Lower Respiratory Diseases (J40-J47),184,Black Non-Hispanic_M
2007,Diabetes Mellitus (E10-E14),205,Hispanic_F
2013,All Other Causes,2293,White Non-Hispanic_M
2012,Influenza (Flu) and Pneumonia (J09-J18),205,Hispanic_M
2011,Human Immunodeficiency Virus Disease (HIV: B20-B24),0,Not Stated/Unknown_F
2013,Diabetes Mellitus (E10-E14),19,Not Stated/Unknown_M
2009,Influenza (Flu) and Pneumonia (J09-J18),17,Not Stated/Unknown_F
2013,Diabetes Mellitus (E10-E14),60,Asian and Pacific Islander_F
2008,All Other Causes,214,Asian and Pacific Islander_F
2009,"Intentional Self-Harm (Suicide: X60-X84, Y87.0)",35,Asian and Pacific Islander_M
2008,"Accidents Except Drug Posioning (V01-X39, X43, X45-X59, Y85-Y86)",0,Other Race/Ethnicity_F
2007,Chronic Lower Respiratory Diseases (J40-J47),0,Other Race/Ethnicity_F
2014,Cerebrovascular Disease (Stroke: I60-I69),91,Asian and Pacific Islander_M
2008,Diabetes Mellitus (E10-E14),380,Black Non-Hispanic_F
2012,"Diseases of Heart (I00-I09, I11, I13, I20-I51)",469,Asian and Pacific Islander_M
2014,Chronic Lower Respiratory Diseases (J40-J47),399,White Non-Hispanic_M
2011,Septicemia (A40-A41),0,Not Stated/Unknown_F
2014,Influenza (Flu) and Pneumonia (J09-J18),9,Other Race/Ethnicity_F
2010,Insitu or Benign / Uncertain Neoplasms (D00-D48),0,Other Race/Ethnicity_F
2014,"Intentional Self-Harm (Suicide: X60-X84, Y87.0)",204,White Non-Hispanic_M
2008,"Essential Hypertension and Renal Diseases (I10, I12)",151,White Non-Hispanic_F
2008,"Chronic Liver Disease and Cirrhosis (K70, K73)",149,Hispanic_M
2009,Alzheimer's Disease (G30),79,Black Non-Hispanic_F
2009,"Mental and Behavioral Disorders due to Accidental Poisoning and Other Psychoactive Substance Use (F11-F16, F18-F19, X40-X42, X44)",221,White Non-Hispanic_M
2014,Chronic Lower Respiratory Diseases (J40-J47),515,White Non-Hispanic_F
2010,Malignant Neoplasms (Cancer: C00-C97),526,Asian and Pacific Islander_M
2008,All Other Causes,1706,White Non-Hispanic_F
2010,"Accidents Except Drug Posioning (V01-X39, X43, X45-X59, Y85-Y86)",58,Hispanic_F
2008,Aortic Aneurysm and Dissection (I71),0,Other Race/Ethnicity_M
2008,"Essential Hypertension and Renal Diseases (I10, I12)",0,Other Race/Ethnicity_F
2007,Influenza (Flu) and Pneumonia (J09-J18),295,Black Non-Hispanic_F
2008,"Chronic Liver Disease and Cirrhosis (K70, K73)",63,Hispanic_F
2010,Influenza (Flu) and Pneumonia (J09-J18),0,Other Race/Ethnicity_F
2012,Cerebrovascular Disease (Stroke: I60-I69),271,Black Non-Hispanic_F
2012,Cerebrovascular Disease (Stroke: I60-I69),9,Not Stated/Unknown_F
2012,Diabetes Mellitus (E10-E14),15,Not Stated/Unknown_F
2008,"Diseases of Heart (I00-I09, I11, I13, I20-I51)",2725,Black Non-Hispanic_F
2013,Cerebrovascular Disease (Stroke: I60-I69),80,Asian and Pacific Islander_F
2007,Influenza (Flu) and Pneumonia (J09-J18),7,Other Race/Ethnicity_M
2010,Chronic Lower Respiratory Diseases (J40-J47),202,Black Non-Hispanic_M
2008,Malignant Neoplasms (Cancer: C00-C97),1080,Hispanic_M
2014,"Diseases of Heart (I00-I09, I11, I13, I20-I51)",554,Asian and Pacific Islander_M
2007,Influenza (Flu) and Pneumonia (J09-J18),66,Asian and Pacific Islander_M
2010,"Accidents Except Drug Posioning (V01-X39, X43, X45-X59, Y85-Y86)",54,Asian and Pacific Islander_M
2007,Cerebrovascular Disease (Stroke: I60-I69),7,Other Race/Ethnicity_M
2007,Human Immunodeficiency Virus Disease (HIV: B20-B24),377,Black Non-Hispanic_M
2012,"Essential Hypertension and Renal Diseases (I10, I12)",143,Black Non-Hispanic_M
2009,Chronic Lower Respiratory Diseases (J40-J47),458,White Non-Hispanic_F
2012,Diabetes Mellitus (E10-E14),240,White Non-Hispanic_F
2008,"Accidents Except Drug Posioning (V01-X39, X43, X45-X59, Y85-Y86)",13,Not Stated/Unknown_M
2008,"Diseases of Heart (I00-I09, I11, I13, I20-I51)",546,Asian and Pacific Islander_M
2014,"Intentional Self-Harm (Suicide: X60-X84, Y87.0)",5,Other Race/Ethnicity_F
2011,Chronic Lower Respiratory Diseases (J40-J47),510,White Non-Hispanic_F
2011,Malignant Neoplasms (Cancer: C00-C97),1085,Hispanic_F
2007,Chronic Lower Respiratory Diseases (J40-J47),472,White Non-Hispanic_F
2007,"Essential Hypertension and Renal Diseases (I10, I12)",22,Asian and Pacific Islander_F
2011,Diabetes Mellitus (E10-E14),258,White Non-Hispanic_M
2007,"Essential Hypertension and Renal Diseases (I10, I12)",123,White Non-Hispanic_M
2007,Influenza (Flu) and Pneumonia (J09-J18),190,Hispanic_F
2007,Human Immunodeficiency Virus Disease (HIV: B20-B24),6,Not Stated/Unknown_M
2007,Malignant Neoplasms (Cancer: C00-C97),3356,White Non-Hispanic_M
2010,"Assault (Homicide: Y87.1, X85-Y09)",299,Black Non-Hispanic_M
2012,"Accidents Except Drug Posioning (V01-X39, X43, X45-X59, Y85-Y86)",177,White Non-Hispanic_F
2010,"Mental and Behavioral Disorders due to Accidental Poisoning and Other Psychoactive Substance Use (F11-F16, F18-F19, X40-X42, X44)",211,White Non-Hispanic_M
2011,"Nephritis, Nephrotic Syndrome and Nephrisis (N00-N07, N17-N19, N25-N27)",0,Not Stated/Unknown_F
2008,Diabetes Mellitus (E10-E14),12,Not Stated/Unknown_F
2009,Influenza (Flu) and Pneumonia (J09-J18),216,Hispanic_F
2009,Malignant Neoplasms (Cancer: C00-C97),398,Asian and Pacific Islander_F
2012,Certain Conditions originating in the Perinatal Period (P00-P96),17,Not Stated/Unknown_M
2012,Malignant Neoplasms (Cancer: C00-C97),36,Not Stated/Unknown_F
2008,All Other Causes,1268,Black Non-Hispanic_F
2010,"Accidents Except Drug Posioning (V01-X39, X43, X45-X59, Y85-Y86)",25,Asian and Pacific Islander_F
2013,"Essential Hypertension and Renal Diseases (I10, I12)",33,Asian and Pacific Islander_M
2008,"Accidents Except Drug Posioning (V01-X39, X43, X45-X59, Y85-Y86)",146,Black Non-Hispanic_M
2009,Influenza (Flu) and Pneumonia (J09-J18),183,Hispanic_M
2008,"Essential Hypertension and Renal Diseases (I10, I12)",0,Other Race/Ethnicity_M
2013,Diabetes Mellitus (E10-E14),410,Black Non-Hispanic_F
2014,Chronic Lower Respiratory Diseases (J40-J47),186,Black Non-Hispanic_M
2014,"Diseases of Heart (I00-I09, I11, I13, I20-I51)",95,Not Stated/Unknown_F
2007,Diabetes Mellitus (E10-E14),47,Asian and Pacific Islander_M
2007,Diabetes Mellitus (E10-E14),358,Black Non-Hispanic_F
2013,Certain Conditions originating in the Perinatal Period (P00-P96),9,Not Stated/Unknown_F
2008,"Essential Hypertension and Renal Diseases (I10, I12)",134,Black Non-Hispanic_M
2007,"Accidents Except Drug Posioning (V01-X39, X43, X45-X59, Y85-Y86)",297,White Non-Hispanic_M
2014,Chronic Lower Respiratory Diseases (J40-J47),95,Asian and Pacific Islander_M
2013,Septicemia (A40-A41),16,Asian and Pacific Islander_F
2008,"Diseases of Heart (I00-I09, I11, I13, I20-I51)",6836,White Non-Hispanic_F
2007,Cerebrovascular Disease (Stroke: I60-I69),267,White Non-Hispanic_M
2010,"Diseases of Heart (I00-I09, I11, I13, I20-I51)",394,Asian and Pacific Islander_F
2008,"Diseases of Heart (I00-I09, I11, I13, I20-I51)",92,Not Stated/Unknown_M
2012,Malignant Neoplasms (Cancer: C00-C97),1912,Black Non-Hispanic_F
2007,All Other Causes,1749,White Non-Hispanic_M
2008,Human Immunodeficiency Virus Disease (HIV: B20-B24),9,Not Stated/Unknown_M
2011,Influenza (Flu) and Pneumonia (J09-J18),646,White Non-Hispanic_M
2013,"Intentional Self-Harm (Suicide: X60-X84, Y87.0)",17,Not Stated/Unknown_M
2011,All Other Causes,340,Asian and Pacific Islander_M
2011,Chronic Lower Respiratory Diseases (J40-J47),5,Not Stated/Unknown_F
2008,Chronic Lower Respiratory Diseases (J40-J47),156,Hispanic_F
2008,"Diseases of Heart (I00-I09, I11, I13, I20-I51)",2077,Black Non-Hispanic_M
2013,Septicemia (A40-A41),135,White Non-Hispanic_F
2009,"Intentional Self-Harm (Suicide: X60-X84, Y87.0)",191,White Non-Hispanic_M
2013,"Diseases of Heart (I00-I09, I11, I13, I20-I51)",106,Not Stated/Unknown_F
2013,All Other Causes,1557,Black Non-Hispanic_F
2011,"Chronic Liver Disease and Cirrhosis (K70, K73)",167,Hispanic_M
2011,"Accidents Except Drug Posioning (V01-X39, X43, X45-X59, Y85-Y86)",184,White Non-Hispanic_F
2010,"Diseases of Heart (I00-I09, I11, I13, I20-I51)",478,Asian and Pacific Islander_M
2012,Malignant Neoplasms (Cancer: C00-C97),1125,Hispanic_F
2013,Cerebrovascular Disease (Stroke: I60-I69),222,Hispanic_F
2010,Malignant Neoplasms (Cancer: C00-C97),414,Asian and Pacific Islander_F
2010,"Diseases of Heart (I00-I09, I11, I13, I20-I51)",2282,Black Non-Hispanic_F
2009,Influenza (Flu) and Pneumonia (J09-J18),629,White Non-Hispanic_F
2008,"Essential Hypertension and Renal Diseases (I10, I12)",165,White Non-Hispanic_M
2012,Diabetes Mellitus (E10-E14),308,Black Non-Hispanic_M
2013,Chronic Lower Respiratory Diseases (J40-J47),521,White Non-Hispanic_F
2010,"Accidents Except Drug Posioning (V01-X39, X43, X45-X59, Y85-Y86)",132,Hispanic_M
2008,Diabetes Mellitus (E10-E14),47,Asian and Pacific Islander_F
2012,All Other Causes,1199,Hispanic_M
2014,"Nephritis, Nephrotic Syndrome and Nephrisis (N00-N07, N17-N19, N25-N27)",90,Black Non-Hispanic_F
2012,"Accidents Except Drug Posioning (V01-X39, X43, X45-X59, Y85-Y86)",60,Hispanic_F
2007,Certain Conditions originating in the Perinatal Period (P00-P96),0,Not Stated/Unknown_F
2009,All Other Causes,18,Other Race/Ethnicity_M
2010,Atherosclerosis (I70),0,Not Stated/Unknown_F
2011,"Essential Hypertension and Renal Diseases (I10, I12)",199,White Non-Hispanic_F
2008,Alzheimer's Disease (G30),151,White Non-Hispanic_F
2014,Cerebrovascular Disease (Stroke: I60-I69),112,Asian and Pacific Islander_F
2011,Cerebrovascular Disease (Stroke: I60-I69),5,Other Race/Ethnicity_F
2012,"Mental and Behavioral Disorders due to Accidental Poisoning and Other Psychoactive Substance Use (F11-F16, F18-F19, X40-X42, X44)",173,Hispanic_M
2012,Human Immunodeficiency Virus Disease (HIV: B20-B24),223,Black Non-Hispanic_M
2010,Alzheimer's Disease (G30),247,White Non-Hispanic_F
2007,"Assault (Homicide: Y87.1, X85-Y09)",0,Other Race/Ethnicity_F
2011,Chronic Lower Respiratory Diseases (J40-J47),0,Other Race/Ethnicity_F
2009,Diabetes Mellitus (E10-E14),215,Hispanic_F
2010,Human Immunodeficiency Virus Disease (HIV: B20-B24),152,Black Non-Hispanic_F
2008,Chronic Lower Respiratory Diseases (J40-J47),518,White Non-Hispanic_F
2014,Malignant Neoplasms (Cancer: C00-C97),502,Asian and Pacific Islander_F
2013,Malignant Neoplasms (Cancer: C00-C97),94,Not Stated/Unknown_F
2010,Influenza (Flu) and Pneumonia (J09-J18),6,Other Race/Ethnicity_M
2013,Malignant Neoplasms (Cancer: C00-C97),1146,Hispanic_M
2010,"Diseases of Heart (I00-I09, I11, I13, I20-I51)",70,Not Stated/Unknown_F
2013,Human Immunodeficiency Virus Disease (HIV: B20-B24),107,Black Non-Hispanic_F
2009,Diabetes Mellitus (E10-E14),172,Hispanic_M
2012,Chronic Lower Respiratory Diseases (J40-J47),204,Black Non-Hispanic_F
2008,"Diseases of Heart (I00-I09, I11, I13, I20-I51)",1445,Hispanic_F
2014,Chronic Lower Respiratory Diseases (J40-J47),6,Other Race/Ethnicity_F
2012,Alzheimer's Disease (G30),126,Hispanic_F
2012,Malignant Neoplasms (Cancer: C00-C97),3256,White Non-Hispanic_F
2011,Malignant Neoplasms (Cancer: C00-C97),3371,White Non-Hispanic_F
2013,"Essential Hypertension and Renal Diseases (I10, I12)",148,Black Non-Hispanic_M
2009,Malignant Neoplasms (Cancer: C00-C97),3236,White Non-Hispanic_M
2009,"Assault (Homicide: Y87.1, X85-Y09)",7,Not Stated/Unknown_M
2012,"Diseases of Heart (I00-I09, I11, I13, I20-I51)",99,Not Stated/Unknown_M
2010,"Accidents Except Drug Posioning (V01-X39, X43, X45-X59, Y85-Y86)",5,Other Race/Ethnicity_M
2007,"Accidents Except Drug Posioning (V01-X39, X43, X45-X59, Y85-Y86)",0,Not Stated/Unknown_F
2010,"Essential Hypertension and Renal Diseases (I10, I12)",153,White Non-Hispanic_M
2010,"Accidents Except Drug Posioning (V01-X39, X43, X45-X59, Y85-Y86)",0,Other Race/Ethnicity_F
2011,Chronic Lower Respiratory Diseases (J40-J47),444,White Non-Hispanic_M
2013,Diabetes Mellitus (E10-E14),238,White Non-Hispanic_F
2007,Influenza (Flu) and Pneumonia (J09-J18),659,White Non-Hispanic_F
2012,All Other Causes,1483,Black Non-Hispanic_F
2008,All Other Causes,238,Asian and Pacific Islander_M
2010,Malignant Neoplasms (Cancer: C00-C97),25,Other Race/Ethnicity_M
2008,Influenza (Flu) and Pneumonia (J09-J18),227,Hispanic_F
2012,Malignant Neoplasms (Cancer: C00-C97),34,Other Race/Ethnicity_M
2009,All Other Causes,26,Not Stated/Unknown_F
2010,All Other Causes,1326,Black Non-Hispanic_F
2009,"Diseases of Heart (I00-I09, I11, I13, I20-I51)",554,Asian and Pacific Islander_M
2011,"Essential Hypertension and Renal Diseases (I10, I12)",0,Not Stated/Unknown_M
2014,Chronic Lower Respiratory Diseases (J40-J47),36,Asian and Pacific Islander_F
2010,"Intentional Self-Harm (Suicide: X60-X84, Y87.0)",46,Asian and Pacific Islander_M
2014,Human Immunodeficiency Virus Disease (HIV: B20-B24),102,Black Non-Hispanic_F
2011,"Essential Hypertension and Renal Diseases (I10, I12)",154,Black Non-Hispanic_M
2012,"Accidents Except Drug Posioning (V01-X39, X43, X45-X59, Y85-Y86)",0,Not Stated/Unknown_F
2009,Malignant Neoplasms (Cancer: C00-C97),47,Not Stated/Unknown_M
2011,Cerebrovascular Disease (Stroke: I60-I69),466,White Non-Hispanic_F
2013,"Chronic Liver Disease and Cirrhosis (K70, K73)",149,Hispanic_M
2010,All Other Causes,1007,Hispanic_F
2009,All Other Causes,1246,Black Non-Hispanic_M
2008,Diabetes Mellitus (E10-E14),52,Asian and Pacific Islander_M
2011,"Diseases of Heart (I00-I09, I11, I13, I20-I51)",2243,Black Non-Hispanic_F
2014,"Congenital Malformations, Deformations, and Chromosomal Abnormalities (Q00-Q99)",0,Not Stated/Unknown_F
2010,Malignant Neoplasms (Cancer: C00-C97),1768,Black Non-Hispanic_F
2012,"Accidents Except Drug Posioning (V01-X39, X43, X45-X59, Y85-Y86)",286,White Non-Hispanic_M
2007,Diabetes Mellitus (E10-E14),0,Other Race/Ethnicity_F
2012,Septicemia (A40-A41),113,White Non-Hispanic_F
2011,All Other Causes,14,Not Stated/Unknown_F
2007,Malignant Neoplasms (Cancer: C00-C97),1523,Black Non-Hispanic_M
2012,"Diseases of Heart (I00-I09, I11, I13, I20-I51)",4719,White Non-Hispanic_F
2009,Diabetes Mellitus (E10-E14),55,Asian and Pacific Islander_F
2009,Chronic Lower Respiratory Diseases (J40-J47),147,Black Non-Hispanic_M
2013,"Chronic Liver Disease and Cirrhosis (K70, K73)",16,Not Stated/Unknown_M
2013,Alzheimer's Disease (G30),8,Not Stated/Unknown_F
2011,Influenza (Flu) and Pneumonia (J09-J18),83,Asian and Pacific Islander_F
2010,Influenza (Flu) and Pneumonia (J09-J18),614,White Non-Hispanic_M
2011,Cerebrovascular Disease (Stroke: I60-I69),0,Not Stated/Unknown_F
2009,"Mental and Behavioral Disorders due to Accidental Poisoning and Other Psychoactive Substance Use (F11-F16, F18-F19, X40-X42, X44)",7,Not Stated/Unknown_M
2008,"Accidents Except Drug Posioning (V01-X39, X43, X45-X59, Y85-Y86)",53,Asian and Pacific Islander_M
2010,Chronic Lower Respiratory Diseases (J40-J47),12,Not Stated/Unknown_M
2014,Diabetes Mellitus (E10-E14),50,Asian and Pacific Islander_F
2007,"Intentional Self-Harm (Suicide: X60-X84, Y87.0)",22,Asian and Pacific Islander_F
2011,All Other Causes,1207,Hispanic_M
2014,Cerebrovascular Disease (Stroke: I60-I69),197,Black Non-Hispanic_M
2008,Malignant Neoplasms (Cancer: C00-C97),344,Asian and Pacific Islander_F
2012,Chronic Lower Respiratory Diseases (J40-J47),158,Hispanic_F
2007,Aortic Aneurysm and Dissection (I71),0,Not Stated/Unknown_F
2012,Malignant Neoplasms (Cancer: C00-C97),461,Asian and Pacific Islander_F
2008,"Mental and Behavioral Disorders due to Accidental Poisoning and Other Psychoactive Substance Use (F11-F16, F18-F19, X40-X42, X44)",172,Hispanic_M
2007,"Chronic Liver Disease and Cirrhosis (K70, K73)",18,Asian and Pacific Islander_M
2008,"Assault (Homicide: Y87.1, X85-Y09)",5,Other Race/Ethnicity_M
2014,Alzheimer's Disease (G30),0,Not Stated/Unknown_F
2008,"Essential Hypertension and Renal Diseases (I10, I12)",192,Black Non-Hispanic_F
2012,All Other Causes,53,Not Stated/Unknown_F
2011,Human Immunodeficiency Virus Disease (HIV: B20-B24),144,Black Non-Hispanic_F
2014,Influenza (Flu) and Pneumonia (J09-J18),80,Asian and Pacific Islander_F
2013,Diabetes Mellitus (E10-E14),221,Hispanic_F
2007,Human Immunodeficiency Virus Disease (HIV: B20-B24),0,Other Race/Ethnicity_M
2014,"Essential Hypertension and Renal Diseases (I10, I12)",207,Black Non-Hispanic_F
2010,All Other Causes,2140,White Non-Hispanic_F
2008,Chronic Lower Respiratory Diseases (J40-J47),10,Not Stated/Unknown_M
2007,"Diseases of Heart (I00-I09, I11, I13, I20-I51)",496,Asian and Pacific Islander_M
2014,Malignant Neoplasms (Cancer: C00-C97),657,Asian and Pacific Islander_M
2008,"Mental and Behavioral Disorders due to Accidental Poisoning and Other Psychoactive Substance Use (F11-F16, F18-F19, X40-X42, X44)",86,White Non-Hispanic_F
2012,"Accidents Except Drug Posioning (V01-X39, X43, X45-X59, Y85-Y86)",191,Hispanic_M
2007,Human Immunodeficiency Virus Disease (HIV: B20-B24),5,Not Stated/Unknown_F
2010,Malignant Neoplasms (Cancer: C00-C97),34,Other Race/Ethnicity_F
2014,Human Immunodeficiency Virus Disease (HIV: B20-B24),92,Hispanic_M
2011,Certain Conditions originating in the Perinatal Period (P00-P96),10,Not Stated/Unknown_M
2009,Malignant Neoplasms (Cancer: C00-C97),3346,White Non-Hispanic_F
2014,Diabetes Mellitus (E10-E14),186,Hispanic_M
2014,"Essential Hypertension and Renal Diseases (I10, I12)",0,Other Race/Ethnicity_F
2012,Cerebrovascular Disease (Stroke: I60-I69),170,Black Non-Hispanic_M
2007,Septicemia (A40-A41),49,Hispanic_F
2008,Insitu or Benign / Uncertain Neoplasms (D00-D48),5,Not Stated/Unknown_F
2008,"Assault (Homicide: Y87.1, X85-Y09)",8,Not Stated/Unknown_M
2009,Chronic Lower Respiratory Diseases (J40-J47),155,Hispanic_F
2009,Diabetes Mellitus (E10-E14),0,Other Race/Ethnicity_F
2014,Influenza (Flu) and Pneumonia (J09-J18),218,Hispanic_F
2011,"Essential Hypertension and Renal Diseases (I10, I12)",0,Other Race/Ethnicity_F
2010,Malignant Neoplasms (Cancer: C00-C97),1045,Hispanic_F
2014,"Diseases of Heart (I00-I09, I11, I13, I20-I51)",115,Not Stated/Unknown_M
2010,"Intentional Self-Harm (Suicide: X60-X84, Y87.0)",0,Other Race/Ethnicity_M
2007,Influenza (Flu) and Pneumonia (J09-J18),189,Hispanic_M
2007,"Essential Hypertension and Renal Diseases (I10, I12)",78,Hispanic_F
2009,Influenza (Flu) and Pneumonia (J09-J18),281,Black Non-Hispanic_F
2008,Diabetes Mellitus (E10-E14),210,White Non-Hispanic_F
2012,"Mental and Behavioral Disorders due to Accidental Poisoning and Other Psychoactive Substance Use (F11-F16, F18-F19, X40-X42, X44)",272,White Non-Hispanic_M
2013,"Mental and Behavioral Disorders due to Accidental Poisoning and Other Psychoactive Substance Use (F11-F16, F18-F19, X40-X42, X44)",188,Hispanic_M
2013,Malignant Neoplasms (Cancer: C00-C97),32,Other Race/Ethnicity_M
2012,Cerebrovascular Disease (Stroke: I60-I69),10,Not Stated/Unknown_M
2012,"Chronic Liver Disease and Cirrhosis (K70, K73)",54,Hispanic_F
2010,Diabetes Mellitus (E10-E14),245,White Non-Hispanic_M
2013,Cerebrovascular Disease (Stroke: I60-I69),427,White Non-Hispanic_F
2009,"Chronic Liver Disease and Cirrhosis (K70, K73)",0,Not Stated/Unknown_F
2008,"Essential Hypertension and Renal Diseases (I10, I12)",32,Asian and Pacific Islander_F
2010,Certain Conditions originating in the Perinatal Period (P00-P96),18,Asian and Pacific Islander_F
2011,Human Immunodeficiency Virus Disease (HIV: B20-B24),70,Hispanic_F
2010,Cerebrovascular Disease (Stroke: I60-I69),0,Other Race/Ethnicity_F
2009,"Mental and Behavioral Disorders due to Accidental Poisoning and Other Psychoactive Substance Use (F11-F16, F18-F19, X40-X42, X44)",57,Hispanic_F
2012,"Diseases of Heart (I00-I09, I11, I13, I20-I51)",402,Asian and Pacific Islander_F
2014,Chronic Lower Respiratory Diseases (J40-J47),193,Hispanic_F
2012,"Intentional Self-Harm (Suicide: X60-X84, Y87.0)",40,Asian and Pacific Islander_M
2011,Viral Hepatitis (B15-B19),0,Not Stated/Unknown_M
2009,Alzheimer's Disease (G30),56,Hispanic_F
2014,"Essential Hypertension and Renal Diseases (I10, I12)",155,Black Non-Hispanic_M
2010,All Other Causes,32,Not Stated/Unknown_M
2010,Chronic Lower Respiratory Diseases (J40-J47),5,Other Race/Ethnicity_M
2011,"Chronic Liver Disease and Cirrhosis (K70, K73)",5,Other Race/Ethnicity_M
2008,Human Immunodeficiency Virus Disease (HIV: B20-B24),0,Other Race/Ethnicity_M
2014,Certain Conditions originating in the Perinatal Period (P00-P96),25,Not Stated/Unknown_M
2014,"Intentional Self-Harm (Suicide: X60-X84, Y87.0)",50,Asian and Pacific Islander_M
2009,Diabetes Mellitus (E10-E14),285,Black Non-Hispanic_M
2011,"Intentional Self-Harm (Suicide: X60-X84, Y87.0)",21,Asian and Pacific Islander_F
2010,Malignant Neoplasms (Cancer: C00-C97),1540,Black Non-Hispanic_M
2013,All Other Causes,320,Asian and Pacific Islander_F
2014,Diabetes Mellitus (E10-E14),8,Not Stated/Unknown_M
2009,Influenza (Flu) and Pneumonia (J09-J18),555,White Non-Hispanic_M
2013,"Accidents Except Drug Posioning (V01-X39, X43, X45-X59, Y85-Y86)",35,Asian and Pacific Islander_F
2010,All Other Causes,308,Asian and Pacific Islander_M
2010,Diabetes Mellitus (E10-E14),51,Asian and Pacific Islander_F
2007,Chronic Lower Respiratory Diseases (J40-J47),163,Black Non-Hispanic_F
2007,All Other Causes,820,Hispanic_F
2010,Influenza (Flu) and Pneumonia (J09-J18),707,White Non-Hispanic_F
2010,"Assault (Homicide: Y87.1, X85-Y09)",0,Other Race/Ethnicity_M
2010,Cerebrovascular Disease (Stroke: I60-I69),0,Not Stated/Unknown_F
2014,Cerebrovascular Disease (Stroke: I60-I69),8,Not Stated/Unknown_M
2012,Alzheimer's Disease (G30),115,Black Non-Hispanic_F
2012,All Other Causes,1320,Black Non-Hispanic_M
2011,"Mental and Behavioral Disorders due to Accidental Poisoning and Other Psychoactive Substance Use (F11-F16, F18-F19, X40-X42, X44)",0,Not Stated/Unknown_F
2010,Viral Hepatitis (B15-B19),0,Not Stated/Unknown_M
2013,Cerebrovascular Disease (Stroke: I60-I69),71,Asian and Pacific Islander_M
2013,"Intentional Self-Harm (Suicide: X60-X84, Y87.0)",204,White Non-Hispanic_M
2011,"Essential Hypertension and Renal Diseases (I10, I12)",0,Not Stated/Unknown_F
2012,"Essential Hypertension and Renal Diseases (I10, I12)",39,Asian and Pacific Islander_M
2014,"Mental and Behavioral Disorders due to Accidental Poisoning and Other Psychoactive Substance Use (F11-F16, F18-F19, X40-X42, X44)",12,Other Race/Ethnicity_M
2008,All Other Causes,8,Other Race/Ethnicity_M
2014,Malignant Neoplasms (Cancer: C00-C97),1146,Hispanic_M
2011,"Essential Hypertension and Renal Diseases (I10, I12)",37,Asian and Pacific Islander_M
2009,All Other Causes,220,Asian and Pacific Islander_M
2007,Malignant Neoplasms (Cancer: C00-C97),528,Asian and Pacific Islander_M
2013,Alzheimer's Disease (G30),106,Black Non-Hispanic_F
2014,"Essential Hypertension and Renal Diseases (I10, I12)",9,Not Stated/Unknown_M
2013,"Diseases of Heart (I00-I09, I11, I13, I20-I51)",72,Other Race/Ethnicity_M
2009,All Other Causes,11,Other Race/Ethnicity_F
2014,Diabetes Mellitus (E10-E14),398,Black Non-Hispanic_F
2011,Parkinson's Disease (G20),0,Not Stated/Unknown_F
2010,"Chronic Liver Disease and Cirrhosis (K70, K73)",150,Hispanic_M
2013,All Other Causes,1082,Hispanic_F
2009,"Mental and Behavioral Disorders due to Accidental Poisoning and Other Psychoactive Substance Use (F11-F16, F18-F19, X40-X42, X44)",0,Other Race/Ethnicity_M
2011,Diabetes Mellitus (E10-E14),8,Other Race/Ethnicity_F
2012,"Intentional Self-Harm (Suicide: X60-X84, Y87.0)",33,Asian and Pacific Islander_F
2010,Diabetes Mellitus (E10-E14),187,Hispanic_M
2007,Insitu or Benign / Uncertain Neoplasms (D00-D48),0,Not Stated/Unknown_F
2010,Influenza (Flu) and Pneumonia (J09-J18),0,Not Stated/Unknown_M
2011,Diabetes Mellitus (E10-E14),253,White Non-Hispanic_F
2013,Diabetes Mellitus (E10-E14),10,Other Race/Ethnicity_F
2009,Alzheimer's Disease (G30),0,Other Race/Ethnicity_F
2011,Chronic Lower Respiratory Diseases (J40-J47),200,Black Non-Hispanic_M
2014,"Nephritis, Nephrotic Syndrome and Nephrisis (N00-N07, N17-N19, N25-N27)",28,Asian and Pacific Islander_M
2009,Cerebrovascular Disease (Stroke: I60-I69),143,Hispanic_M
2007,"Intentional Self-Harm (Suicide: X60-X84, Y87.0)",187,White Non-Hispanic_M
2008,"Accidents Except Drug Posioning (V01-X39, X43, X45-X59, Y85-Y86)",193,White Non-Hispanic_F
2012,Cerebrovascular Disease (Stroke: I60-I69),70,Asian and Pacific Islander_M
2010,Alzheimer's Disease (G30),71,Hispanic_F
2009,Malignant Neoplasms (Cancer: C00-C97),506,Asian and Pacific Islander_M
2008,Influenza (Flu) and Pneumonia (J09-J18),529,White Non-Hispanic_M
2007,Cerebrovascular Disease (Stroke: I60-I69),372,White Non-Hispanic_F
2009,Malignant Neoplasms (Cancer: C00-C97),1180,Hispanic_M
2013,Certain Conditions originating in the Perinatal Period (P00-P96),25,Not Stated/Unknown_M
2009,"Diseases of Heart (I00-I09, I11, I13, I20-I51)",111,Not Stated/Unknown_F
2014,Chronic Lower Respiratory Diseases (J40-J47),145,Hispanic_M
2009,Cerebrovascular Disease (Stroke: I60-I69),154,Hispanic_F
2009,"Congenital Malformations, Deformations, and Chromosomal Abnormalities (Q00-Q99)",0,Other Race/Ethnicity_F
2013,Alzheimer's Disease (G30),263,White Non-Hispanic_F
2011,Certain Conditions originating in the Perinatal Period (P00-P96),0,Other Race/Ethnicity_M
2007,Diabetes Mellitus (E10-E14),34,Asian and Pacific Islander_F
2012,Influenza (Flu) and Pneumonia (J09-J18),6,Other Race/Ethnicity_F
2012,"Accidents Except Drug Posioning (V01-X39, X43, X45-X59, Y85-Y86)",152,Black Non-Hispanic_M
2007,Insitu or Benign / Uncertain Neoplasms (D00-D48),0,Other Race/Ethnicity_F
2011,Diabetes Mellitus (E10-E14),51,Asian and Pacific Islander_F
2010,Chronic Lower Respiratory Diseases (J40-J47),28,Asian and Pacific Islander_F
2009,Influenza (Flu) and Pneumonia (J09-J18),83,Asian and Pacific Islander_F
2007,Chronic Lower Respiratory Diseases (J40-J47),0,Not Stated/Unknown_M
2014,Diabetes Mellitus (E10-E14),18,Other Race/Ethnicity_M
2012,Influenza (Flu) and Pneumonia (J09-J18),209,Hispanic_F
2007,Diabetes Mellitus (E10-E14),246,Black Non-Hispanic_M
2012,Malignant Neoplasms (Cancer: C00-C97),622,Asian and Pacific Islander_M
2007,All Other Causes,1163,Black Non-Hispanic_M
2008,Diabetes Mellitus (E10-E14),265,Black Non-Hispanic_M
2010,"Diseases of Heart (I00-I09, I11, I13, I20-I51)",70,Not Stated/Unknown_M
2014,All Other Causes,74,Other Race/Ethnicity_M
2007,Malignant Neoplasms (Cancer: C00-C97),45,Not Stated/Unknown_M
2010,"Essential Hypertension and Renal Diseases (I10, I12)",33,Asian and Pacific Islander_F
2007,Influenza (Flu) and Pneumonia (J09-J18),229,Black Non-Hispanic_M
2013,Human Immunodeficiency Virus Disease (HIV: B20-B24),204,Black Non-Hispanic_M
2010,Influenza (Flu) and Pneumonia (J09-J18),235,Hispanic_M
2012,Influenza (Flu) and Pneumonia (J09-J18),74,Asian and Pacific Islander_F
2012,Certain Conditions originating in the Perinatal Period (P00-P96),11,Not Stated/Unknown_F
2011,"Diseases of Heart (I00-I09, I11, I13, I20-I51)",5016,White Non-Hispanic_F
2011,Influenza (Flu) and Pneumonia (J09-J18),8,Not Stated/Unknown_M
2010,"Essential Hypertension and Renal Diseases (I10, I12)",178,Black Non-Hispanic_M
2009,Diabetes Mellitus (E10-E14),384,Black Non-Hispanic_F
2014,Diabetes Mellitus (E10-E14),318,Black Non-Hispanic_M
2013,"Essential Hypertension and Renal Diseases (I10, I12)",15,Not Stated/Unknown_M
2007,Cerebrovascular Disease (Stroke: I60-I69),213,Black Non-Hispanic_M
2008,Cerebrovascular Disease (Stroke: I60-I69),267,Black Non-Hispanic_F
2007,Diabetes Mellitus (E10-E14),231,White Non-Hispanic_F
2014,"Diseases of Heart (I00-I09, I11, I13, I20-I51)",1958,Black Non-Hispanic_M
2014,Chronic Lower Respiratory Diseases (J40-J47),14,Not Stated/Unknown_M
2008,"Essential Hypertension and Renal Diseases (I10, I12)",0,Not Stated/Unknown_F
2008,Influenza (Flu) and Pneumonia (J09-J18),90,Asian and Pacific Islander_M
2008,"Nephritis, Nephrotic Syndrome and Nephrisis (N00-N07, N17-N19, N25-N27)",71,Black Non-Hispanic_F
2011,"Diseases of Heart (I00-I09, I11, I13, I20-I51)",31,Other Race/Ethnicity_F
2007,Chronic Lower Respiratory Diseases (J40-J47),345,White Non-Hispanic_M
2007,"Assault (Homicide: Y87.1, X85-Y09)",0,Other Race/Ethnicity_M
2009,Influenza (Flu) and Pneumonia (J09-J18),207,Black Non-Hispanic_M
2011,Cerebrovascular Disease (Stroke: I60-I69),290,White Non-Hispanic_M
2013,Alzheimer's Disease (G30),0,Other Race/Ethnicity_M
2007,Diabetes Mellitus (E10-E14),177,Hispanic_M
2013,"Accidents Except Drug Posioning (V01-X39, X43, X45-X59, Y85-Y86)",159,Black Non-Hispanic_M
2007,"Intentional Self-Harm (Suicide: X60-X84, Y87.0)",36,Asian and Pacific Islander_M
2012,"Diseases of Heart (I00-I09, I11, I13, I20-I51)",76,Not Stated/Unknown_F
2007,Certain Conditions originating in the Perinatal Period (P00-P96),0,Other Race/Ethnicity_F
2009,"Intentional Self-Harm (Suicide: X60-X84, Y87.0)",17,Asian and Pacific Islander_F
2009,"Essential Hypertension and Renal Diseases (I10, I12)",18,Asian and Pacific Islander_F
2014,Malignant Neoplasms (Cancer: C00-C97),1532,Black Non-Hispanic_M
2012,Alzheimer's Disease (G30),222,White Non-Hispanic_F
2010,Certain Conditions originating in the Perinatal Period (P00-P96),6,Not Stated/Unknown_M
2011,"Assault (Homicide: Y87.1, X85-Y09)",0,Not Stated/Unknown_F
2008,Human Immunodeficiency Virus Disease (HIV: B20-B24),222,Hispanic_M
2014,All Other Causes,1135,Hispanic_F
2007,"Diseases of Heart (I00-I09, I11, I13, I20-I51)",2121,Black Non-Hispanic_M
2014,Malignant Neoplasms (Cancer: C00-C97),1154,Hispanic_F
2011,All Other Causes,27,Other Race/Ethnicity_M
2009,Human Immunodeficiency Virus Disease (HIV: B20-B24),96,Hispanic_F
2014,Diabetes Mellitus (E10-E14),209,Hispanic_F
2012,"Diseases of Heart (I00-I09, I11, I13, I20-I51)",1940,Black Non-Hispanic_M
2012,"Accidents Except Drug Posioning (V01-X39, X43, X45-X59, Y85-Y86)",5,Other Race/Ethnicity_M
2014,"Accidents Except Drug Posioning (V01-X39, X43, X45-X59, Y85-Y86)",176,Hispanic_M
2008,Cerebrovascular Disease (Stroke: I60-I69),0,Other Race/Ethnicity_F
2012,Malignant Neoplasms (Cancer: C00-C97),1126,Hispanic_M
2008,Chronic Lower Respiratory Diseases (J40-J47),347,White Non-Hispanic_M
2013,Chronic Lower Respiratory Diseases (J40-J47),184,Black Non-Hispanic_M
2007,"Accidents Except Drug Posioning (V01-X39, X43, X45-X59, Y85-Y86)",32,Asian and Pacific Islander_F
2009,All Other Causes,775,Hispanic_F
2009,"Diseases of Heart (I00-I09, I11, I13, I20-I51)",2535,Black Non-Hispanic_F
2014,Alzheimer's Disease (G30),276,White Non-Hispanic_F
2010,Chronic Lower Respiratory Diseases (J40-J47),206,Black Non-Hispanic_F
2007,"Mental and Behavioral Disorders due to Accidental Poisoning and Other Psychoactive Substance Use (F11-F16, F18-F19, X40-X42, X44)",261,White Non-Hispanic_M
2014,Human Immunodeficiency Virus Disease (HIV: B20-B24),196,Black Non-Hispanic_M
2011,Cerebrovascular Disease (Stroke: I60-I69),79,Asian and Pacific Islander_M
2011,"Assault (Homicide: Y87.1, X85-Y09)",266,Black Non-Hispanic_M
2012,"Nephritis, Nephrotic Syndrome and Nephrisis (N00-N07, N17-N19, N25-N27)",76,Black Non-Hispanic_F
2008,Malignant Neoplasms (Cancer: C00-C97),3361,White Non-Hispanic_M
2010,Influenza (Flu) and Pneumonia (J09-J18),74,Asian and Pacific Islander_F
2007,"Diseases of Heart (I00-I09, I11, I13, I20-I51)",82,Not Stated/Unknown_F
2014,"Accidents Except Drug Posioning (V01-X39, X43, X45-X59, Y85-Y86)",258,White Non-Hispanic_M
2014,Alzheimer's Disease (G30),26,Asian and Pacific Islander_F
2012,"Essential Hypertension and Renal Diseases (I10, I12)",101,Hispanic_F
2013,"Assault (Homicide: Y87.1, X85-Y09)",174,Black Non-Hispanic_M
2012,All Other Causes,2444,White Non-Hispanic_F
2011,"Diseases of Heart (I00-I09, I11, I13, I20-I51)",1201,Hispanic_M
2014,All Other Causes,96,Not Stated/Unknown_M
2007,"Diseases of Heart (I00-I09, I11, I13, I20-I51)",36,Other Race/Ethnicity_M
2010,All Other Causes,1167,Hispanic_M
2008,"Diseases of Heart (I00-I09, I11, I13, I20-I51)",35,Other Race/Ethnicity_F
2014,Diabetes Mellitus (E10-E14),228,White Non-Hispanic_F
2012,Influenza (Flu) and Pneumonia (J09-J18),0,Other Race/Ethnicity_M
2014,Malignant Neoplasms (Cancer: C00-C97),1852,Black Non-Hispanic_F
2011,All Other Causes,2165,White Non-Hispanic_M
2013,"Essential Hypertension and Renal Diseases (I10, I12)",103,Hispanic_F
2014,"Accidents Except Drug Posioning (V01-X39, X43, X45-X59, Y85-Y86)",169,White Non-Hispanic_F
2012,Alzheimer's Disease (G30),0,Other Race/Ethnicity_F
2007,"Accidents Except Drug Posioning (V01-X39, X43, X45-X59, Y85-Y86)",154,Hispanic_M
2010,Human Immunodeficiency Virus Disease (HIV: B20-B24),297,Black Non-Hispanic_M
2011,Malignant Neoplasms (Cancer: C00-C97),27,Not Stated/Unknown_M
2008,Certain Conditions originating in the Perinatal Period (P00-P96),6,Not Stated/Unknown_F
2013,"Intentional Self-Harm (Suicide: X60-X84, Y87.0)",5,Other Race/Ethnicity_F
2014,Malignant Neoplasms (Cancer: C00-C97),50,Not Stated/Unknown_F
2010,"Chronic Liver Disease and Cirrhosis (K70, K73)",0,Other Race/Ethnicity_M
2014,Malignant Neoplasms (Cancer: C00-C97),3153,White Non-Hispanic_F
2013,"Diseases of Heart (I00-I09, I11, I13, I20-I51)",531,Asian and Pacific Islander_M
2008,Diabetes Mellitus (E10-E14),0,Other Race/Ethnicity_F
2009,"Diseases of Heart (I00-I09, I11, I13, I20-I51)",448,Asian and Pacific Islander_F
2010,All Other Causes,238,Asian and Pacific Islander_F
2009,Malignant Neoplasms (Cancer: C00-C97),1557,Black Non-Hispanic_M
2011,All Other Causes,1025,Hispanic_F
2014,"Diseases of Heart (I00-I09, I11, I13, I20-I51)",1281,Hispanic_M
2013,Influenza (Flu) and Pneumonia (J09-J18),18,Not Stated/Unknown_F
2011,Malignant Neoplasms (Cancer: C00-C97),1590,Black Non-Hispanic_M
2010,Chronic Lower Respiratory Diseases (J40-J47),501,White Non-Hispanic_F
2014,"Essential Hypertension and Renal Diseases (I10, I12)",175,White Non-Hispanic_M
2007,Influenza (Flu) and Pneumonia (J09-J18),0,Not Stated/Unknown_F
2009,"Chronic Liver Disease and Cirrhosis (K70, K73)",17,Asian and Pacific Islander_M
2012,Cerebrovascular Disease (Stroke: I60-I69),8,Other Race/Ethnicity_F
2010,Insitu or Benign / Uncertain Neoplasms (D00-D48),0,Not Stated/Unknown_F
2014,"Accidents Except Drug Posioning (V01-X39, X43, X45-X59, Y85-Y86)",64,Hispanic_F
2009,"Diseases of Heart (I00-I09, I11, I13, I20-I51)",40,Other Race/Ethnicity_F
2014,All Other Causes,339,Asian and Pacific Islander_F
2010,Diabetes Mellitus (E10-E14),5,Not Stated/Unknown_F
2014,Malignant Neoplasms (Cancer: C00-C97),50,Other Race/Ethnicity_M
2014,"Intentional Self-Harm (Suicide: X60-X84, Y87.0)",28,Asian and Pacific Islander_F
2010,Diabetes Mellitus (E10-E14),7,Not Stated/Unknown_M
2007,"Diseases of Heart (I00-I09, I11, I13, I20-I51)",1418,Hispanic_F
2007,Cerebrovascular Disease (Stroke: I60-I69),70,Asian and Pacific Islander_F
2008,Diabetes Mellitus (E10-E14),0,Other Race/Ethnicity_M
2008,"Diseases of Heart (I00-I09, I11, I13, I20-I51)",1330,Hispanic_M
2014,"Diseases of Heart (I00-I09, I11, I13, I20-I51)",3990,White Non-Hispanic_M
2012,All Other Causes,78,Not Stated/Unknown_M
2013,"Intentional Self-Harm (Suicide: X60-X84, Y87.0)",41,Asian and Pacific Islander_M
2011,Influenza (Flu) and Pneumonia (J09-J18),7,Other Race/Ethnicity_M
2012,All Other Causes,22,Other Race/Ethnicity_F
2012,"Congenital Malformations, Deformations, and Chromosomal Abnormalities (Q00-Q99)",8,Not Stated/Unknown_F
2009,Certain Conditions originating in the Perinatal Period (P00-P96),0,Not Stated/Unknown_F
2007,Chronic Lower Respiratory Diseases (J40-J47),43,Asian and Pacific Islander_M
2008,Influenza (Flu) and Pneumonia (J09-J18),14,Not Stated/Unknown_F
2007,Diabetes Mellitus (E10-E14),0,Not Stated/Unknown_F
2011,"Diseases of Heart (I00-I09, I11, I13, I20-I51)",402,Asian and Pacific Islander_F
2013,All Other Causes,39,Other Race/Ethnicity_F
2010,"Accidents Except Drug Posioning (V01-X39, X43, X45-X59, Y85-Y86)",271,White Non-Hispanic_M
2014,Influenza (Flu) and Pneumonia (J09-J18),242,Black Non-Hispanic_M
2012,"Intentional Self-Harm (Suicide: X60-X84, Y87.0)",0,Other Race/Ethnicity_M
2007,Diabetes Mellitus (E10-E14),11,Other Race/Ethnicity_M
2012,"Essential Hypertension and Renal Diseases (I10, I12)",153,White Non-Hispanic_M
2007,"Accidents Except Drug Posioning (V01-X39, X43, X45-X59, Y85-Y86)",162,White Non-Hispanic_F
2010,Cerebrovascular Disease (Stroke: I60-I69),259,Black Non-Hispanic_F
2010,"Mental and Behavioral Disorders due to Accidental Poisoning and Other Psychoactive Substance Use (F11-F16, F18-F19, X40-X42, X44)",6,Not Stated/Unknown_M
2011,"Accidents Except Drug Posioning (V01-X39, X43, X45-X59, Y85-Y86)",180,Hispanic_M
2013,Malignant Neoplasms (Cancer: C00-C97),1784,Black Non-Hispanic_F
2010,"Intentional Self-Harm (Suicide: X60-X84, Y87.0)",182,White Non-Hispanic_M
2012,Diabetes Mellitus (E10-E14),76,Asian and Pacific Islander_M
2013,"Diseases of Heart (I00-I09, I11, I13, I20-I51)",41,Other Race/Ethnicity_F
2011,"Accidents Except Drug Posioning (V01-X39, X43, X45-X59, Y85-Y86)",61,Asian and Pacific Islander_M
2012,Malignant Neoplasms (Cancer: C00-C97),53,Not Stated/Unknown_M
2010,"Diseases of Heart (I00-I09, I11, I13, I20-I51)",5351,White Non-Hispanic_F
2014,Chronic Lower Respiratory Diseases (J40-J47),12,Not Stated/Unknown_F
2010,All Other Causes,1230,Black Non-Hispanic_M
2014,Alzheimer's Disease (G30),123,Black Non-Hispanic_F
2009,Cerebrovascular Disease (Stroke: I60-I69),154,Black Non-Hispanic_M
2012,Cerebrovascular Disease (Stroke: I60-I69),102,Asian and Pacific Islander_F
2008,Chronic Lower Respiratory Diseases (J40-J47),132,Hispanic_M
2010,"Essential Hypertension and Renal Diseases (I10, I12)",219,White Non-Hispanic_F
2008,"Accidents Except Drug Posioning (V01-X39, X43, X45-X59, Y85-Y86)",70,Black Non-Hispanic_F
2014,"Chronic Liver Disease and Cirrhosis (K70, K73)",66,Hispanic_F
2007,"Accidents Except Drug Posioning (V01-X39, X43, X45-X59, Y85-Y86)",158,Black Non-Hispanic_M
2009,"Accidents Except Drug Posioning (V01-X39, X43, X45-X59, Y85-Y86)",178,White Non-Hispanic_F
2010,"Mental and Behavioral Disorders due to Accidental Poisoning and Other Psychoactive Substance Use (F11-F16, F18-F19, X40-X42, X44)",138,Hispanic_M
2013,"Accidents Except Drug Posioning (V01-X39, X43, X45-X59, Y85-Y86)",189,Hispanic_M
2009,"Accidents Except Drug Posioning (V01-X39, X43, X45-X59, Y85-Y86)",56,Hispanic_F
2012,Chronic Lower Respiratory Diseases (J40-J47),11,Not Stated/Unknown_M
2011,"Intentional Self-Harm (Suicide: X60-X84, Y87.0)",0,Other Race/Ethnicity_F
2007,Human Immunodeficiency Virus Disease (HIV: B20-B24),109,Hispanic_F
2013,"Chronic Liver Disease and Cirrhosis (K70, K73)",0,Other Race/Ethnicity_M
2009,Cerebrovascular Disease (Stroke: I60-I69),5,Not Stated/Unknown_F
2011,All Other Causes,278,Asian and Pacific Islander_F
2008,Malignant Neoplasms (Cancer: C00-C97),21,Other Race/Ethnicity_F
2008,Influenza (Flu) and Pneumonia (J09-J18),5,Other Race/Ethnicity_M
2014,Human Immunodeficiency Virus Disease (HIV: B20-B24),7,Not Stated/Unknown_F
2008,Influenza (Flu) and Pneumonia (J09-J18),0,Other Race/Ethnicity_F
2009,Chronic Lower Respiratory Diseases (J40-J47),111,Hispanic_M
2008,Malignant Neoplasms (Cancer: C00-C97),1756,Black Non-Hispanic_F
2011,Chronic Lower Respiratory Diseases (J40-J47),0,Other Race/Ethnicity_M
2008,Influenza (Flu) and Pneumonia (J09-J18),11,Not Stated/Unknown_M
2007,"Diseases of Heart (I00-I09, I11, I13, I20-I51)",86,Not Stated/Unknown_M
2008,Malignant Neoplasms (Cancer: C00-C97),1464,Black Non-Hispanic_M
2014,Diabetes Mellitus (E10-E14),11,Other Race/Ethnicity_F
2009,"Accidents Except Drug Posioning (V01-X39, X43, X45-X59, Y85-Y86)",55,Asian and Pacific Islander_M
